sample		index	Motif	Motif_raw	Methylation_type	Genome_sites	Methylated_sites	Methylation_coverage	Average_Percent_Methylation_per_site	Methylated_position_1	Methylated_position_1_percent	Methylated_position_2	Methylated_position_2_percent
EcCa437a	0	0	GATC	1-NVNSGATCDVNNNVN	6mA	42900	40104	0.935	0.96	2	50.0	3	50.0
EcCa437a	1	1	CACNNNNNNNCTGG	3-CACSNNNNNRCTGG	6mA	1150	779	0.677	0.95	2	50.473	12	46.875
EcCa437a	2	2	No Motif Assigned	NA	6mA	NA	1536	NA	0.94	NA	NA	NA	NA
EcCa437a	3	0	CCWGG	1-NNNNRCCWGGYNNNN	5mC	28036	10552	0.376	0.94	2	50.0	4	50.0
EcCa437a	4	1	RCGRYCGY	2-BNYNRCGRYCGYNRNV	5mC	3268	328	0.1	0.92	2	50.0	7	50.0
EcCa437a	5	2	No Motif Assigned	NA	5mC	NA	92	NA	0.92	NA	NA	NA	NA
EcCa437b	0	0	GATC	1-NNVNNGATCNNBNN	6mA	42628	38490	0.903	0.96	2	50.0	3	50.0
EcCa437b	1	1	GAAAKCC	3-SYGAAAKCCDBNNNN	6mA	2148	798	0.372	0.95	4	99.625	3	0.375
EcCa437b	2	2	CACSNNNNNRCTGG	2-CACSNNNNNRCTGG	6mA	478	362	0.757	0.95	12	50.984	2	47.244
EcCa437b	3	3	CACTKYNNNRCTGG	4-CACTKYSBVRCTGG	6mA	56	45	0.804	0.95	2	52.459	12	47.541
EcCa437b	4	4	No Motif Assigned	NA	6mA	NA	819	NA	0.95	NA	NA	NA	NA
EcCa437b	5	0	CCWGG	1-NNNNRCCWGGYNNNN	5mC	27796	8508	0.306	0.94	4	50.0	2	50.0
EcCa437b	6	1	No Motif Assigned	NA	5mC	NA	0	NA		NA	NA	NA	NA
EcCa442a	0	0	GATC	1-NVVNGATCNVNHNVN	6mA	42916	39422	0.919	0.96	2	50.0	3	50.0
EcCa442a	1	1	GAAAKCC	3-BGAAAKCCDBNNNNN	6mA	2170	820	0.378	0.94	4	99.152	3	0.848
EcCa442a	2	2	CACNNNNNNNCTGG	2-CACSNNNNNRCTGG	6mA	1146	739	0.645	0.95	2	50.349	12	46.361
EcCa442a	3	3	No Motif Assigned	NA	6mA	NA	616	NA	0.94	NA	NA	NA	NA
EcCa442a	4	0	CCWGG	1-NNNNRCCWGGYNNNN	5mC	28022	9292	0.332	0.94	2	50.0	4	50.0
EcCa442a	5	1	CGRYCG	2-NNYNRCGRYCGYNRNN	5mC	8818	808	0.092	0.93	6	50.0	1	50.0
EcCa442a	6	2	No Motif Assigned	NA	5mC	NA	0	NA		NA	NA	NA	NA
EcCa442b	0	0	GATC	1-BRNBGATCNBNHNNN	6mA	42900	41096	0.958	0.96	2	50.0	3	50.0
EcCa442b	1	1	CACNNNNNNNCTGG	3-CACCRHNNNGCTGG	6mA	1149	823	0.716	0.95	2	52.402	12	45.328
EcCa442b	2	2	No Motif Assigned	NA	6mA	NA	1788	NA	0.94	NA	NA	NA	NA
EcCa442b	3	0	CCWGG	1-NNHNRCCWGGYNDNN	5mC	28036	12964	0.462	0.94	2	50.0	4	50.0
EcCa442b	4	1	No Motif Assigned	NA	5mC	NA	37	NA	0.92	NA	NA	NA	NA
EcCa442c	0	0	GATC	1-NNVNNGATCNNBNN	6mA	42900	38484	0.897	0.95	2	50.0	3	50.0
EcCa442c	1	1	CCAGNNNNNNNGTG	2-CCAGYNNNNNSGTG	6mA	1149	704	0.613	0.94	13	51.327	3	46.018
EcCa442c	2	2	No Motif Assigned	NA	6mA	NA	1318	NA	0.94	NA	NA	NA	NA
EcCa442c	3	0	CCWGG	1-NNNNRCCWGGYNNNN	5mC	28036	7842	0.28	0.94	2	50.0	4	50.0
EcCa442c	4	1	RCGACCG	2-NRCGACCGBHRMNV	5mC	1621	120	0.074	0.92	7	58.333	2	41.667
EcCa442c	5	2	No Motif Assigned	NA	5mC	NA	97	NA	0.92	NA	NA	NA	NA
EcCa449a	0	0	GATC	1-MVVNGATCNNNMNVN	6mA	42900	39196	0.914	0.96	2	50.0	3	50.0
EcCa449a	1	1	GAAAKCC	2-GAAAKCCDBNNNNNN	6mA	2170	792	0.365	0.94	4	98.996	3	1.004
EcCa449a	2	2	CACNNNNNNNCTGG	3-CACSNNNNNRCTGG	6mA	1150	722	0.628	0.94	2	50.526	12	47.158
EcCa449a	3	3	No Motif Assigned	NA	6mA	NA	586	NA	0.94	NA	NA	NA	NA
EcCa449a	4	0	CCWGG	1-NNNNRCCWGGYNNNN	5mC	28036	9148	0.326	0.94	4	50.0	2	50.0
EcCa449a	5	1	RCGRYCGY	2-NNYNRCGRYCGYNRNN	5mC	3268	326	0.1	0.93	7	50.0	2	50.0
EcCa449a	6	2	CGGTCGATNNC	3-CGGTCGATAGC	5mC	67	7	0.104	0.94	1	85.714	6	14.286
EcCa449a	7	3	No Motif Assigned	NA	5mC	NA	97	NA	0.92	NA	NA	NA	NA
EcCa449b	0	0	GATC	1-HRNYGATCNNVHNNN	6mA	42900	41504	0.967	0.96	2	50.0	3	50.0
EcCa449b	1	1	CACNNNNNNRCTGG	3-CACSNNNNNRCTGG	6mA	715	601	0.841	0.95	12	50.343	2	48.284
EcCa449b	2	2	No Motif Assigned	NA	6mA	NA	2090	NA	0.95	NA	NA	NA	NA
EcCa449b	3	0	CCWGG	1-NNNNRCCWGGYNNNN	5mC	28036	14600	0.521	0.94	4	50.0	2	50.0
EcCa449b	4	1	RCGACCG	2-NRCGACCGYBRNNN	5mC	1621	265	0.163	0.93	7	61.672	2	38.328
EcCa449b	5	2	TCTGCGGCCGC	3-TCTGCGGCCGC	5mC	7	6	0.857	0.93	5	55.556	10	44.444
EcCa449b	6	3	No Motif Assigned	NA	5mC	NA	265	NA	0.93	NA	NA	NA	NA
EcCa449c	0	0	GATC	1-BVDBGATCHBNHNNN	6mA	42900	26716	0.623	0.96	2	50.0	3	50.0
EcCa449c	1	1	CCAGNNNNNNNGTG	3-CCAGYNNNNNSGTG	6mA	1150	505	0.439	0.95	13	53.626	3	43.676
EcCa449c	2	2	No Motif Assigned	NA	6mA	NA	994	NA	0.95	NA	NA	NA	NA
EcCa449c	3	0	CCWGG	1-NNNNRCCWGGYNNNN	5mC	28036	7096	0.253	0.95	2	50.0	4	50.0
EcCa449c	4	1	CGRYCG	2-NNNVRCGRYCGYBNNN	5mC	8818	1120	0.127	0.94	1	49.838	6	49.838
EcCa449c	5	2	No Motif Assigned	NA	5mC	NA	0	NA		NA	NA	NA	NA
EcCa449d	0	0	GATC	1-VNSGATCDNYNNVNN	6mA	42900	39000	0.909	0.95	3	50.0	2	50.0
EcCa449d	1	1	GAAAKCC	2-SYGAAAKCCDBNNNN	6mA	2171	762	0.351	0.94	4	98.568	3	1.432
EcCa449d	2	2	CACNNNNNNRCTGG	3-CACSNNNNNRCTGG	6mA	715	520	0.727	0.95	12	51.336	2	47.117
EcCa449d	3	3	No Motif Assigned	NA	6mA	NA	731	NA	0.94	NA	NA	NA	NA
EcCa449d	4	0	CCWGG	1-BNNNRCCWGGYNNNV	5mC	28036	8758	0.312	0.94	4	50.0	2	50.0
EcCa449d	5	1	RCGGTCGY	2-RRCGGTCGYNGNNN	5mC	922	198	0.215	0.93	2	55.607	7	44.393
EcCa449d	6	2	No Motif Assigned	NA	5mC	NA	244	NA	0.93	NA	NA	NA	NA
EcCa460a	0	0	GATC	1-NRNYGATCNBGHNVN	6mA	42448	36694	0.864	0.96	3	50.0	2	50.0
EcCa460a	1	1	GAAAKCC	2-SBBGAAAKCCDBNNN	6mA	2129	841	0.395	0.96	4	98.357	3	1.643
EcCa460a	2	2	CACNNNNNNRCTG	4-CACYDHBBSRCTG	6mA	2166	532	0.246	0.95	12	50.418	2	44.29
EcCa460a	3	3	CACNNNNNNNCTGG	3-CACSSNNVHRCTGG	6mA	1133	736	0.65	0.95	2	49.068	12	47.826
EcCa460a	4	4	No Motif Assigned	NA	6mA	NA	648	NA	0.95	NA	NA	NA	NA
EcCa460a	5	0	CCWGG	1-NNNNRCCWGGYNNNN	5mC	27672	9224	0.333	0.95	2	50.0	4	50.0
EcCa460a	6	1	CGRYCG	2-NNYNRCGRYCGYNRNN	5mC	8716	1240	0.142	0.94	1	49.929	6	49.929
EcCa460a	7	2	No Motif Assigned	NA	5mC	NA	0	NA		NA	NA	NA	NA
EcCa460b	0	0	GATC	1-MVVNGATCNNNMNNN	6mA	43362	38640	0.891	0.96	2	50.0	3	50.0
EcCa460b	1	1	CCAGYNNNNNNGTG	3-CCAGYNNNDNSGTG	6mA	724	520	0.718	0.94	3	51.567	13	47.151
EcCa460b	2	2	No Motif Assigned	NA	6mA	NA	1497	NA	0.94	NA	NA	NA	NA
EcCa460b	3	0	CCWGG	1-NNNNRCCWGGYNNNN	5mC	28394	9092	0.32	0.94	4	50.0	2	50.0
EcCa460b	4	1	CGRYCG	2-NNYVRCGRYCGYBRNN	5mC	8918	1000	0.112	0.94	1	50.0	6	50.0
EcCa460b	5	2	No Motif Assigned	NA	5mC	NA	0	NA		NA	NA	NA	NA
EcCa460c	0	0	GATC	1-NNVNNGATCNNBNN	6mA	43342	40350	0.931	0.96	2	50.0	3	50.0
EcCa460c	1	1	CACNNNNNNRCTGG	3-CACSNNBNNRCTGG	6mA	721	541	0.75	0.95	12	49.464	2	49.062
EcCa460c	2	2	CACNNNANNNCTGG	4-CACSDHAHNRCTGG	6mA	283	179	0.633	0.95	2	57.018	12	42.105
EcCa460c	3	3	No Motif Assigned	NA	6mA	NA	1712	NA	0.95	NA	NA	NA	NA
EcCa460c	4	0	CCWGG	1-NNNNRCCWGGYNNNN	5mC	28400	11968	0.421	0.94	2	50.0	4	50.0
EcCa460c	5	1	CGGTCG	2-HNRCGGTCGYNRNN	5mC	2641	207	0.078	0.93	1	56.682	6	43.318
EcCa460c	6	2	No Motif Assigned	NA	5mC	NA	103	NA	0.93	NA	NA	NA	NA
EcCa464a	0	0	GATC	1-VVVNGATCNNNMNVN	6mA	42628	36212	0.849	0.97	2	50.0	3	50.0
EcCa464a	1	1	GAAAKCC	2-GAAAKCCDBNNNNNN	6mA	2148	789	0.367	0.95	4	97.995	3	2.005
EcCa464a	2	2	CCAGNNNNNNNGTG	3-CCAGYNHNNBSGTG	6mA	1133	689	0.608	0.95	13	51.471	3	46.154
EcCa464a	3	3	CCAGNNGNNNNGTG	4-CCAGYBGBKNGGTG	6mA	301	183	0.608	0.96	13	50.41	3	46.311
EcCa464a	4	4	No Motif Assigned	NA	6mA	NA	642	NA	0.95	NA	NA	NA	NA
EcCa464a	5	0	CCWGG	1-NNNNRCCWGGYNNNN	5mC	27796	9380	0.337	0.95	2	50.0	4	50.0
EcCa464a	6	1	No Motif Assigned	NA	5mC	NA	0	NA		NA	NA	NA	NA
EcCa464b	0	0	GATC	1-BVNBGATCWSNNNNN	6mA	42898	24574	0.573	0.96	3	50.0	2	50.0
EcCa464b	1	1	CACNNNNNNNCTG	3-CACCDNNNNGCTG	6mA	3839	509	0.133	0.95	2	49.266	12	37.357
EcCa464b	2	2	CACSCNNNNNCTGG	4-CACSCDGNVDCTGG	6mA	211	97	0.46	0.96	2	56.667	12	41.667
EcCa464b	3	3	No Motif Assigned	NA	6mA	NA	863	NA	0.95	NA	NA	NA	NA
EcCa464b	4	0	CCWGG	1-NNNNRCCWGGYNNNN	5mC	28030	6716	0.24	0.95	2	50.0	4	50.0
EcCa464b	5	1	CGRYCG	2-NNYVVCGRYCGBBRNN	5mC	8816	878	0.1	0.94	6	50.0	1	50.0
EcCa464b	6	2	CGGTCGAT	3-CGGTCGATSA	5mC	184	28	0.152	0.95	1	64.516	6	35.484
EcCa464b	7	3	No Motif Assigned	NA	5mC	NA	0	NA		NA	NA	NA	NA
EcCa464c	0	0	GATC	1-NVNNGATCNNBN	6mA	42876	39186	0.914	0.97	2	50.0	3	50.0
EcCa464c	1	1	CACNNNNNNNCTGG	3-CACSNNNNNRCTGG	6mA	1149	781	0.68	0.96	2	53.73	12	43.154
EcCa464c	2	2	No Motif Assigned	NA	6mA	NA	1661	NA	0.95	NA	NA	NA	NA
EcCa464c	3	0	CCWGG	1-NNNNRCCWGGYNNNN	5mC	28012	12070	0.431	0.95	4	50.0	2	50.0
EcCa464c	4	1	CGRYCG	2-NNYNRCGRYCGYNRNN	5mC	8812	1382	0.157	0.94	1	49.938	6	49.938
EcCa464c	5	2	GCGGTCGA	3-GCGGTCGA	5mC	173	25	0.145	0.95	2	65.385	7	34.615
EcCa464c	6	3	No Motif Assigned	NA	5mC	NA	0	NA		NA	NA	NA	NA
EcCa464d	0	0	GATC	1-BRNYGATCNBRHNNN	6mA	42900	35866	0.836	0.97	2	50.0	3	50.0
EcCa464d	1	1	CACNNNNNNNCTGG	3-CACSNNNNNRCTGG	6mA	1149	723	0.629	0.96	2	51.743	12	45.643
EcCa464d	2	2	GATCTGAAAA	4-GATCTGAAAA	6mA	33	29	0.879	0.96	2	50.0	3	50.0
EcCa464d	3	3	No Motif Assigned	NA	6mA	NA	1500	NA	0.96	NA	NA	NA	NA
EcCa464d	4	0	CCWGG	1-NNNNRCCWGGYNNNN	5mC	28036	11144	0.397	0.95	2	50.0	4	50.0
EcCa464d	5	1	CGRYCG	2-NNNNVCGRYCGBNNNN	5mC	8818	986	0.112	0.94	6	50.0	1	50.0
EcCa464d	6	2	RRCGGTCGATNR	3-RRCGGTCGATMR	5mC	32	12	0.375	0.95	3	66.667	8	33.333
EcCa464d	7	3	No Motif Assigned	NA	5mC	NA	0	NA		NA	NA	NA	NA
EcCa529a	0	0	GATC	1-NNVNNGATCNNBNN	6mA	42900	41032	0.956	0.96	2	50.0	3	50.0
EcCa529a	1	1	GAAAKCC	2-GAAAKCCDBNNNNNN	6mA	2170	1066	0.491	0.95	4	99.161	3	0.839
EcCa529a	2	2	CACNNNNNNNCTGG	3-CACSNNNNNRCTGG	6mA	1149	837	0.728	0.95	2	52.452	12	45.184
EcCa529a	3	3	No Motif Assigned	NA	6mA	NA	722	NA	0.95	NA	NA	NA	NA
EcCa529a	4	0	CCWGG	1-NNNNRCCWGGYNNNN	5mC	28036	13990	0.499	0.95	4	50.0	2	50.0
EcCa529a	5	1	CGRYCG	2-NNYVRCGRYCGYBRNN	5mC	8818	1232	0.14	0.94	6	50.0	1	50.0
EcCa529a	6	2	CGGTCGANMA	3-CGGTCGATMA	5mC	96	15	0.156	0.92	1	52.941	6	47.059
EcCa529a	7	3	No Motif Assigned	NA	5mC	NA	0	NA		NA	NA	NA	NA
EcCa529b	0	0	GATC	1-NVVHGATCMDNNNNN	6mA	42950	11072	0.258	0.96	2	50.0	3	50.0
EcCa529b	1	1	CACNNNNNNNCTGG	3-CACSNNNNHGCTGG	6mA	1149	212	0.185	0.96	2	53.571	12	44.196
EcCa529b	2	2	No Motif Assigned	NA	6mA	NA	386	NA	0.95	NA	NA	NA	NA
EcCa529b	3	0	CCTGG	1-RCCTGGHNNNNNNN	5mC	14030	1504	0.107	0.95	2	81.522	4	18.478
EcCa529b	4	1	CGGTCG	2-VVCGGTCGYNVHNN	5mC	2616	124	0.047	0.92	1	54.331	6	45.669
EcCa529b	5	2	No Motif Assigned	NA	5mC	NA	348	NA	0.93	NA	NA	NA	NA
EcCa530a	0	0	GATC	1-NRNYGATCHBVHNNN	6mA	42940	39426	0.918	0.97	3	50.0	2	50.0
EcCa530a	1	1	GAAAKCC	2-SBGAAAKCCDSNNNN	6mA	2171	957	0.441	0.96	4	98.654	3	1.346
EcCa530a	2	2	CACNNNNNNNCTGG	3-CACSNNNNNRCTGG	6mA	1150	784	0.682	0.96	2	50.995	12	46.161
EcCa530a	3	3	No Motif Assigned	NA	6mA	NA	728	NA	0.96	NA	NA	NA	NA
EcCa530a	4	0	CCWGG	1-NNNNRCCWGGYNNNN	5mC	28062	12866	0.458	0.95	4	50.0	2	50.0
EcCa530a	5	1	RCGGTCG	2-RRCGGTCGYNVNND	5mC	1526	144	0.094	0.94	2	51.656	7	48.344
EcCa530a	6	2	No Motif Assigned	NA	5mC	NA	130	NA	0.94	NA	NA	NA	NA
EcCa530b	0	0	GATC	1-NGNYGATCNNRHNNN	6mA	42900	42218	0.984	0.97	2	50.0	3	50.0
EcCa530b	1	1	CACNNNNNNNCTGG	3-CACSNNNNNRCTGG	6mA	1150	904	0.786	0.95	2	52.219	12	45.192
EcCa530b	2	2	No Motif Assigned	NA	6mA	NA	2172	NA	0.95	NA	NA	NA	NA
EcCa530b	3	0	CCWGG	1-NNNNRCCWGGYNNNN	5mC	28036	18848	0.672	0.95	4	50.0	2	50.0
EcCa530b	4	1	CGRYCG	2-NNYNVCGRYCGBNRNN	5mC	8818	1826	0.207	0.94	1	50.0	6	50.0
EcCa530b	5	2	No Motif Assigned	NA	5mC	NA	0	NA		NA	NA	NA	NA
EcCa530c	0	0	GATC	1-BVNBGATCHBNHNNN	6mA	42938	36614	0.853	0.97	2	50.0	3	50.0
EcCa530c	1	1	GAAAKCC	2-SBGAAAKCCNGBNNN	6mA	2171	806	0.371	0.96	4	97.677	3	2.323
EcCa530c	2	2	CACNNNNNNNCTGG	3-CACSNNNNNRCTGG	6mA	1148	733	0.639	0.96	2	52.151	12	45.121
EcCa530c	3	3	GATCTGAAA	4-GATCTGAAA	6mA	85	73	0.859	0.96	3	51.402	2	46.729
EcCa530c	4	4	No Motif Assigned	NA	6mA	NA	649	NA	0.95	NA	NA	NA	NA
EcCa530c	5	0	CCWGG	1-NNNNRCCWGGYNNNN	5mC	28062	10256	0.365	0.95	4	50.0	2	50.0
EcCa530c	6	1	CGRYCG	2-NNBNVCGRYCGBNVNN	5mC	8840	1248	0.141	0.94	6	49.928	1	49.928
EcCa530c	7	2	RNCGGTCGKGCGNY	3-RTCGGTCGKGCGAY	5mC	7	5	0.714	0.93	3	66.667	8	33.333
EcCa530c	8	3	No Motif Assigned	NA	5mC	NA	0	NA		NA	NA	NA	NA
EcCa531a	0	0	GATC	1-BRNBGATCNBNHNNN	6mA	43742	40564	0.927	0.97	2	50.0	3	50.0
EcCa531a	1	1	CTGCAG	2-NNNNBCTGCAGVNNNN	6mA	2870	1662	0.579	0.95	5	50.0	2	50.0
EcCa531a	2	2	GAAAKCC	3-NYGAAAKCCDBNNNN	6mA	2241	955	0.426	0.95	4	98.96	3	1.04
EcCa531a	3	3	CACNNNNNNNCTGG	4-CACSNNNNNRCTGG	6mA	1166	786	0.674	0.96	2	54.46	12	43.099
EcCa531a	4	4	No Motif Assigned	NA	6mA	NA	682	NA	0.95	NA	NA	NA	NA
EcCa531a	5	0	CCWGG	1-NNNNRCCWGGYNNNN	5mC	28804	11862	0.412	0.95	2	50.0	4	50.0
EcCa531a	6	1	No Motif Assigned	NA	5mC	NA	0	NA		NA	NA	NA	NA
EcCa531b	0	0	GATC	1-BVDBGATCNSNHNNN	6mA	43166	41408	0.959	0.96	2	50.0	3	50.0
EcCa531b	1	1	CTGCAG	2-NNNNBCTGCAGVNNNN	6mA	2766	1658	0.599	0.94	5	50.0	2	50.0
EcCa531b	2	2	CCAGNNNNNNNGTG	3-CCAGYNNNNNSGTG	6mA	1146	823	0.718	0.95	13	51.928	3	45.33
EcCa531b	3	3	No Motif Assigned	NA	6mA	NA	1790	NA	0.95	NA	NA	NA	NA
EcCa531b	4	0	CCWGG	1-NNHNRCCWGGYNDNN	5mC	28332	11856	0.418	0.94	4	50.0	2	50.0
EcCa531b	5	1	No Motif Assigned	NA	5mC	NA	0	NA		NA	NA	NA	NA
EcCa531c	0	0	GATC	1-HNSHGATCVDBVNNN	6mA	43166	41522	0.962	0.96	2	50.0	3	50.0
EcCa531c	1	1	CTGCAG	2-NNNNBCTGCAGVNNNN	6mA	2770	1690	0.61	0.95	5	50.0	2	50.0
EcCa531c	2	2	CACNNNNNNNCTGG	4-CACSNNNNNRCTGG	6mA	1145	828	0.723	0.95	2	52.107	12	44.884
EcCa531c	3	3	No Motif Assigned	NA	6mA	NA	1750	NA	0.95	NA	NA	NA	NA
EcCa531c	4	0	CCWGG	1-NNHNRCCWGGYNDNN	5mC	28332	12530	0.442	0.94	2	50.0	4	50.0
EcCa531c	5	1	No Motif Assigned	NA	5mC	NA	0	NA		NA	NA	NA	NA
EcCa531d	0	0	GATC	1-MVNNGATCNNNHNNN	6mA	43166	41640	0.965	0.96	2	50.0	3	50.0
EcCa531d	1	1	CTGCAG	2-BNNBCTGCAGVNNV	6mA	2772	1700	0.613	0.94	5	50.0	2	50.0
EcCa531d	2	2	GAAAKCC	3-GAAAKCCDBNNNNNN	6mA	2208	1002	0.454	0.95	4	98.912	3	1.088
EcCa531d	3	3	CACNNNNNNNCTGG	4-CACSNNNNNRCTGG	6mA	1145	828	0.723	0.95	2	52.285	12	44.991
EcCa531d	4	4	No Motif Assigned	NA	6mA	NA	700	NA	0.94	NA	NA	NA	NA
EcCa531d	5	0	CCWGG	1-NNNNRCCWGGYNNNN	5mC	28332	12884	0.455	0.94	4	50.0	2	50.0
EcCa531d	6	1	No Motif Assigned	NA	5mC	NA	0	NA		NA	NA	NA	NA
EcCa532a	0	0	GATC	1-NSSHGATCVDNNNBN	6mA	43162	40884	0.947	0.96	2	50.0	3	50.0
EcCa532a	1	1	CTGCAG	2-NNNNBCTGCAGVNNNN	6mA	2770	1590	0.574	0.94	5	50.0	2	50.0
EcCa532a	2	2	CACNNNNNNNCTGG	4-CACSNNNNNRCTGG	6mA	1143	806	0.705	0.95	2	52.584	12	44.696
EcCa532a	3	3	No Motif Assigned	NA	6mA	NA	1618	NA	0.94	NA	NA	NA	NA
EcCa532a	4	0	CCWGG	1-NNHNDCCWGGHNDNN	5mC	28320	10192	0.36	0.94	4	50.0	2	50.0
EcCa532a	5	1	No Motif Assigned	NA	5mC	NA	0	NA		NA	NA	NA	NA
EcCa533a	0	0	GATC	1-NVWBGATCNSNNNNN	6mA	43128	4380	0.102	0.97	2	50.0	3	50.0
EcCa533a	1	1	CTGCAG	2-KNNSCTGCAGSNNM	6mA	2762	208	0.075	0.95	5	50.0	2	50.0
EcCa533a	2	2	No Motif Assigned	NA	6mA	NA	219	NA	0.96	NA	NA	NA	NA
EcCa533a	3	0	CCWGG	1-NNNNRCCWGGYNNNN	5mC	28294	1570	0.055	0.95	2	50.0	4	50.0
EcCa533a	4	1	No Motif Assigned	NA	5mC	NA	0	NA		NA	NA	NA	NA
EcCa534a	0	0	GATC	1-YRNYGATCHBVHNNN	6mA	43742	41382	0.946	0.96	3	50.0	2	50.0
EcCa534a	1	1	CTGCAG	2-BNNBCTGCAGVNNV	6mA	2872	1688	0.588	0.94	5	50.0	2	50.0
EcCa534a	2	2	GAAAKCC	4-SBBGAAAKCCDBNNN	6mA	2241	949	0.423	0.95	4	99.475	3	0.525
EcCa534a	3	3	CACNNNNNNNCTGG	3-CACSNNNNNRCTGG	6mA	1166	808	0.693	0.95	2	51.935	12	45.275
EcCa534a	4	4	No Motif Assigned	NA	6mA	NA	663	NA	0.94	NA	NA	NA	NA
EcCa534a	5	0	CCWGG	1-NNHNRCCWGGYNDNN	5mC	28804	10924	0.379	0.94	2	50.0	4	50.0
EcCa534a	6	1	No Motif Assigned	NA	5mC	NA	0	NA		NA	NA	NA	NA
EcCa534b	0	0	GATC	1-HRNYGATCNNVHNVN	6mA	43164	39830	0.923	0.96	3	50.0	2	50.0
EcCa534b	1	1	CTGCAG	2-NBNNBCTGCAGVNNVN	6mA	2768	1462	0.528	0.94	2	50.0	5	50.0
EcCa534b	2	2	CACSNNNNNRCTGG	4-CACSVNNNNRCTGG	6mA	486	369	0.759	0.95	12	50.097	2	48.549
EcCa534b	3	3	No Motif Assigned	NA	6mA	NA	1766	NA	0.94	NA	NA	NA	NA
EcCa534b	4	0	CCWGG	1-NNHNRCCWGGYNDNN	5mC	28328	9048	0.319	0.94	2	50.0	4	50.0
EcCa534b	5	1	No Motif Assigned	NA	5mC	NA	0	NA		NA	NA	NA	NA
EcCa534c	0	0	GATC	1-NNVNNGATCNNBNN	6mA	43148	27874	0.646	0.97	2	50.0	3	50.0
EcCa534c	1	1	CTGCAG	2-NNNNBCTGCAGVNNNN	6mA	2758	1058	0.384	0.95	5	50.0	2	50.0
EcCa534c	2	2	CACNNNNNNNCTGG	4-CACCVDNNNRCTGG	6mA	1144	545	0.476	0.95	2	51.084	12	46.594
EcCa534c	3	3	No Motif Assigned	NA	6mA	NA	1035	NA	0.95	NA	NA	NA	NA
EcCa534c	4	0	CCWGG	1-NNNNRCCWGGYNNNN	5mC	28326	7564	0.267	0.95	2	50.0	4	50.0
EcCa534c	5	1	No Motif Assigned	NA	5mC	NA	0	NA		NA	NA	NA	NA
EcCa534d	0	0	GATC	1-MVNNGATCNNNHNVN	6mA	43166	40724	0.943	0.96	2	50.0	3	50.0
EcCa534d	1	1	CTGCAG	2-WBNNBCTGCAGVNNVW	6mA	2770	1560	0.563	0.94	5	50.0	2	50.0
EcCa534d	2	2	CCAGNNNNNNNGTG	4-CCAGYNNNNBSGTG	6mA	1144	776	0.678	0.95	13	52.908	3	44.423
EcCa534d	3	3	No Motif Assigned	NA	6mA	NA	1663	NA	0.94	NA	NA	NA	NA
EcCa534d	4	0	CCWGG	1-NNNNRCCWGGYNNNN	5mC	28326	10536	0.372	0.94	2	50.0	4	50.0
EcCa534d	5	1	No Motif Assigned	NA	5mC	NA	0	NA		NA	NA	NA	NA
EcCa535a	0	0	GATC	1-HRNYGATCNBVHNVN	6mA	43762	40304	0.921	0.97	2	50.0	3	50.0
EcCa535a	1	1	CTGCAG	2-NNNNBCTGCAGVNNNN	6mA	2876	1742	0.606	0.95	5	50.0	2	50.0
EcCa535a	2	2	CACSNNNNNNCTGG	4-CACSVNNNNRCTGG	6mA	758	555	0.732	0.96	2	52.0	12	44.533
EcCa535a	3	3	No Motif Assigned	NA	6mA	NA	1980	NA	0.96	NA	NA	NA	NA
EcCa535a	4	0	CCWGG	1-NNNNRCCWGGYNNNN	5mC	28822	12854	0.446	0.95	2	50.0	4	50.0
EcCa535a	5	1	No Motif Assigned	NA	5mC	NA	0	NA		NA	NA	NA	NA
EcCa535b	0	0	GATC	1-HRNYGATCNBVHNNN	6mA	43522	41284	0.949	0.96	2	50.0	3	50.0
EcCa535b	1	1	CTGCAG	2-NBNNBCTGCAGVNNVN	6mA	2816	1658	0.589	0.95	5	50.0	2	50.0
EcCa535b	2	2	GAAAKCC	3-VBBGAAAKCCDBNNN	6mA	2215	1018	0.46	0.95	4	98.833	3	1.167
EcCa535b	3	3	CACNNNNNNRCTGG	4-CACSNHNNNRCTGG	6mA	715	567	0.793	0.95	2	51.119	12	47.637
EcCa535b	4	4	CACNNGNNNNCTGG	5-CACSVGYRNGCTGG	6mA	220	145	0.659	0.95	2	56.345	12	41.624
EcCa535b	5	5	No Motif Assigned	NA	6mA	NA	814	NA	0.95	NA	NA	NA	NA
EcCa535b	6	0	CCWGG	1-NNNNRCCWGGYNNNN	5mC	28554	12132	0.425	0.94	4	50.0	2	50.0
EcCa535b	7	1	No Motif Assigned	NA	5mC	NA	0	NA		NA	NA	NA	NA
EcCa535c	0	0	GATC	1-BRNYGATCHBVHNNN	6mA	43742	41916	0.958	0.96	2	50.0	3	50.0
EcCa535c	1	1	CTGCAG	2-NNNNBCTGCAGVNNNN	6mA	2874	1668	0.58	0.94	5	50.0	2	50.0
EcCa535c	2	2	GAAAKCC	3-BYGAAAKCCDBNNNN	6mA	2241	1024	0.457	0.94	4	98.936	3	1.064
EcCa535c	3	3	CACSNNNNNNCTGG	4-CACSVNNNNRCTGG	6mA	759	566	0.746	0.95	2	51.768	12	45.328
EcCa535c	4	4	No Motif Assigned	NA	6mA	NA	867	NA	0.94	NA	NA	NA	NA
EcCa535c	5	0	CCWGG	1-NNNNRCCWGGYNNNN	5mC	28804	12890	0.448	0.94	2	50.0	4	50.0
EcCa535c	6	1	No Motif Assigned	NA	5mC	NA	0	NA		NA	NA	NA	NA
EcCa535d	0	0	GATC	1-NSSNGATCVHNNNNN	6mA	43744	41444	0.947	0.96	3	50.0	2	50.0
EcCa535d	1	1	CTGCAG	3-NNNBCTGCAGVNNN	6mA	2874	1596	0.555	0.95	5	50.0	2	50.0
EcCa535d	2	2	CCAGNNNNNNSGTG	4-CCAGCGNNNBSGTG	6mA	759	548	0.722	0.95	13	49.482	3	47.15
EcCa535d	3	3	No Motif Assigned	NA	6mA	NA	1873	NA	0.95	NA	NA	NA	NA
EcCa535d	4	0	CCWGG	1-NNNNRCCWGGYNNNN	5mC	28810	12330	0.428	0.94	2	50.0	4	50.0
EcCa535d	5	1	No Motif Assigned	NA	5mC	NA	0	NA		NA	NA	NA	NA
EcCa536a	0	0	GATC	1-BRNBGATCNBNHNNN	6mA	43742	41830	0.956	0.96	2	50.0	3	50.0
EcCa536a	1	1	CTGCAG	3-NBNNBCTGCAGVNNVN	6mA	2870	1630	0.568	0.94	2	50.0	5	50.0
EcCa536a	2	2	CACNNNNNNNCTGG	4-CACSNNNNVRCTGG	6mA	1166	813	0.697	0.95	2	52.613	12	44.685
EcCa536a	3	3	No Motif Assigned	NA	6mA	NA	1712	NA	0.94	NA	NA	NA	NA
EcCa536a	4	0	CCWGG	1-NNNNRCCWGGYNNNN	5mC	28804	12572	0.436	0.94	4	50.0	2	50.0
EcCa536a	5	1	No Motif Assigned	NA	5mC	NA	0	NA		NA	NA	NA	NA
EcCa536b	0	0	GATC	1-NNVNNGATCNNBNN	6mA	43762	41318	0.944	0.96	2	50.0	3	50.0
EcCa536b	1	1	CTGCAG	2-BNNBCTGCAGVNNV	6mA	2880	1652	0.574	0.94	5	50.0	2	50.0
EcCa536b	2	2	CACNNNNNNRCTGG	4-CACCDNNNNRCTGG	6mA	723	555	0.768	0.95	2	51.355	12	47.484
EcCa536b	3	3	CACNCNNNNNCTGG	5-CACGCHGNVDCTGG	6mA	285	190	0.667	0.95	2	54.688	12	44.531
EcCa536b	4	4	No Motif Assigned	NA	6mA	NA	1771	NA	0.95	NA	NA	NA	NA
EcCa536b	5	0	CCWGG	1-NNNNRCCWGGYNNNN	5mC	28820	12006	0.417	0.94	2	50.0	4	50.0
EcCa536b	6	1	No Motif Assigned	NA	5mC	NA	0	NA		NA	NA	NA	NA
EcCa536c	0	0	GATC	1-BRNYGATCHBNHNNN	6mA	43742	43288	0.99	0.97	2	50.0	3	50.0
EcCa536c	1	1	CTGCAG	2-NNNBCTGCAGVNNN	6mA	2874	2084	0.725	0.95	5	50.0	2	50.0
EcCa536c	2	2	GAAAKCC	3-GAAAKCCDBNNNNNN	6mA	2241	1405	0.627	0.95	4	99.504	3	0.496
EcCa536c	3	3	CACNNNNNNNCTGG	4-CACSNHNNNRCTGG	6mA	1167	961	0.823	0.95	2	53.116	12	43.975
EcCa536c	4	4	CACNSGYRNNCTGG	5-CACCSGYRVRCTGG	6mA	61	54	0.885	0.95	2	53.012	12	46.988
EcCa536c	5	5	No Motif Assigned	NA	6mA	NA	913	NA	0.95	NA	NA	NA	NA
EcCa536c	6	0	CCWGG	1-NNHNRCCWGGYNDNN	5mC	28804	20386	0.708	0.95	2	50.0	4	50.0
EcCa536c	7	1	No Motif Assigned	NA	5mC	NA	0	NA		NA	NA	NA	NA
EcCa536d	0	0	GATC	1-NNSNGATCNDBNNBN	6mA	43742	40676	0.93	0.97	2	50.0	3	50.0
EcCa536d	1	1	CTGCAG	3-NNNNBCTGCAGVNNNN	6mA	2874	1714	0.596	0.95	5	50.0	2	50.0
EcCa536d	2	2	CCAGNNNNNNNGTG	4-CCAGYNNNNNSGTG	6mA	1166	813	0.697	0.96	13	52.565	3	45.185
EcCa536d	3	3	No Motif Assigned	NA	6mA	NA	1863	NA	0.95	NA	NA	NA	NA
EcCa536d	4	0	CCWGG	1-NNNNRCCWGGYNNNN	5mC	28804	12582	0.437	0.95	4	50.0	2	50.0
EcCa536d	5	1	No Motif Assigned	NA	5mC	NA	0	NA		NA	NA	NA	NA
EcCa536e	0	0	GATC	1-BGNBGATCNBNHNNN	6mA	43160	28800	0.667	0.97	2	50.0	3	50.0
EcCa536e	1	1	CTGCAG	4-BNNBCTGCAGVNNV	6mA	2766	1112	0.402	0.95	2	50.0	5	50.0
EcCa536e	2	2	CACNNNNNNNCTGG	3-CACSNNNNNKCTGG	6mA	1142	574	0.503	0.96	2	52.068	12	44.65
EcCa536e	3	3	No Motif Assigned	NA	6mA	NA	1126	NA	0.95	NA	NA	NA	NA
EcCa536e	4	0	CCTGG	1-RCCTGGHNNNNNNN	5mC	14161	4263	0.301	0.95	2	81.576	4	18.424
EcCa536e	5	1	No Motif Assigned	NA	5mC	NA	837	NA	0.94	NA	NA	NA	NA
EcCa537a	0	0	GATC	1-BVNBGATCHBNHNNN	6mA	43026	40734	0.947	0.96	3	50.0	2	50.0
EcCa537a	1	1	CTGCAG	2-BNNBCTGCAGVNNV	6mA	2740	1606	0.586	0.94	5	50.0	2	50.0
EcCa537a	2	2	GAAAKCC	4-SBGAAAKCCDBNNNN	6mA	2182	986	0.452	0.95	4	98.992	3	1.008
EcCa537a	3	3	CACNNNNNNNCTGG	3-CACSNNNNNRCTGG	6mA	1138	777	0.683	0.95	2	53.134	12	43.873
EcCa537a	4	4	No Motif Assigned	NA	6mA	NA	632	NA	0.95	NA	NA	NA	NA
EcCa537a	5	0	CCWGG	1-NNNNRCCWGGYNNNN	5mC	28116	12004	0.427	0.94	2	50.0	4	50.0
EcCa537a	6	1	No Motif Assigned	NA	5mC	NA	0	NA		NA	NA	NA	NA
EcCa537b	0	0	GATC	1-MVVNGATCNNNHNVN	6mA	43026	40676	0.945	0.96	2	50.0	3	50.0
EcCa537b	1	1	CTGCAG	2-NBNNBCTGCAGVNNVN	6mA	2742	1570	0.573	0.95	5	50.0	2	50.0
EcCa537b	2	2	CACNNNNNNRCTGG	4-CACSNNNNNRCTGG	6mA	702	536	0.764	0.95	12	49.455	2	49.046
EcCa537b	3	3	No Motif Assigned	NA	6mA	NA	1780	NA	0.95	NA	NA	NA	NA
EcCa537b	4	0	CCWGG	1-NNNNRCCWGGYNNNN	5mC	28116	11716	0.417	0.94	4	50.0	2	50.0
EcCa537b	5	1	No Motif Assigned	NA	5mC	NA	0	NA		NA	NA	NA	NA
EcCa537c	0	0	GATC	1-NNVNNGATCNNBNN	6mA	43026	40402	0.939	0.97	2	50.0	3	50.0
EcCa537c	1	1	CTGCAG	2-NNNNBCTGCAGVNNNN	6mA	2740	1666	0.608	0.95	5	50.0	2	50.0
EcCa537c	2	2	CACNNNNNNNCTGG	4-CACSHNNNNGCTGG	6mA	1139	786	0.69	0.96	2	53.184	12	44.382
EcCa537c	3	3	No Motif Assigned	NA	6mA	NA	1710	NA	0.95	NA	NA	NA	NA
EcCa537c	4	0	CCWGG	1-NNNNRCCWGGYNNNN	5mC	28114	12722	0.453	0.95	2	50.0	4	50.0
EcCa537c	5	1	No Motif Assigned	NA	5mC	NA	0	NA		NA	NA	NA	NA
EcCa537d	0	0	GATC	1-VRNNGATCNNNHNNN	6mA	43026	42192	0.981	0.97	2	50.0	3	50.0
EcCa537d	1	1	CTGCAG	2-HNNNBCTGCAGVNNND	6mA	2742	1878	0.685	0.95	2	50.0	5	50.0
EcCa537d	2	2	CCAGNNNNNNNGTG	4-CCAGYNNNNNSGTG	6mA	1139	890	0.781	0.95	13	50.687	3	46.794
EcCa537d	3	3	No Motif Assigned	NA	6mA	NA	2201	NA	0.95	NA	NA	NA	NA
EcCa537d	4	0	CCWGG	1-NNHNRCCWGGYNDNN	5mC	28114	17214	0.612	0.95	2	50.0	4	50.0
EcCa537d	5	1	No Motif Assigned	NA	5mC	NA	0	NA		NA	NA	NA	NA
EcCa539a	0	0	GATC	1-VSWGATCSHBNNNNN	6mA	43742	38736	0.886	0.96	2	50.0	3	50.0
EcCa539a	1	1	CTGCAG	2-BNNBCTGCAGVNNV	6mA	2874	1298	0.452	0.94	5	50.0	2	50.0
EcCa539a	2	2	CACNNNNNNRCTGG	4-CACSVNNNNRCTGG	6mA	723	467	0.646	0.95	2	49.667	12	48.667
EcCa539a	3	3	No Motif Assigned	NA	6mA	NA	1319	NA	0.94	NA	NA	NA	NA
EcCa539a	4	0	CCWGG	1-NNNNRCCWGGYNNNN	5mC	28804	6700	0.233	0.94	4	50.0	2	50.0
EcCa539a	5	1	No Motif Assigned	NA	5mC	NA	0	NA		NA	NA	NA	NA
EcCa540a	0	0	GATC	1-BVNCGATCHBNHNVN	6mA	43162	37568	0.87	0.96	2	50.0	3	50.0
EcCa540a	1	1	CTGCAG	2-NBNNBCTGCAGVNNVN	6mA	2762	1402	0.508	0.95	5	50.0	2	50.0
EcCa540a	2	2	CACSNNNNNNCTGG	3-CACSVNNNNGCTGG	6mA	745	445	0.597	0.95	2	51.256	12	44.891
EcCa540a	3	3	No Motif Assigned	NA	6mA	NA	1407	NA	0.95	NA	NA	NA	NA
EcCa540a	4	0	CCWGG	1-NNNNRCCWGGYNNNN	5mC	28322	7370	0.26	0.95	4	50.0	2	50.0
EcCa540a	5	1	No Motif Assigned	NA	5mC	NA	0	NA		NA	NA	NA	NA
EcCa540b	0	0	GATC	1-MVVNGATCNNNMNVN	6mA	43162	38488	0.892	0.95	2	50.0	3	50.0
EcCa540b	1	1	CTGCAG	3-BCNSCTGCAGSNGV	6mA	2770	1178	0.425	0.94	5	50.0	2	50.0
EcCa540b	2	2	GAAAKCC	2-SBYGAAAKCCDBNNN	6mA	2204	673	0.305	0.94	4	98.532	3	1.468
EcCa540b	3	3	CCAGNNNNNNNGTG	4-CCAGYNNNNNSGTG	6mA	1144	658	0.575	0.94	13	52.899	3	44.379
EcCa540b	4	4	No Motif Assigned	NA	6mA	NA	550	NA	0.94	NA	NA	NA	NA
EcCa540b	5	0	CCWGG	1-BNHNRCCWGGYNDNV	5mC	28320	6306	0.223	0.93	2	50.0	4	50.0
EcCa540b	6	1	No Motif Assigned	NA	5mC	NA	0	NA		NA	NA	NA	NA
EcCa541a	0	0	GATC	1-NSNGATCVDBNNBNN	6mA	43878	42260	0.963	0.97	2	50.0	3	50.0
EcCa541a	1	1	CTGCAG	2-NNNNBCTGCAGVNNNN	6mA	2836	1744	0.615	0.95	5	50.0	2	50.0
EcCa541a	2	2	TKGATCMA	5-HNRHTKGATCMADYND	6mA	858	838	0.977	0.97	4	50.0	5	50.0
EcCa541a	3	3	CACNNNNNNNCTGG	4-CACSVNNNNRCTGG	6mA	1162	808	0.695	0.95	2	51.155	12	45.648
EcCa541a	4	4	No Motif Assigned	NA	6mA	NA	1776	NA	0.95	NA	NA	NA	NA
EcCa541a	5	0	CCWGG	1-NNHNRCCWGGYNDNN	5mC	28848	14912	0.517	0.95	2	50.0	4	50.0
EcCa541a	6	1	No Motif Assigned	NA	5mC	NA	0	NA		NA	NA	NA	NA
EcCa541b	0	0	GATC	1-YRNYGATCNBVHNVN	6mA	42950	38260	0.891	0.95	2	50.0	3	50.0
EcCa541b	1	1	CTGCAG	2-NBNNSCTGCAGSNNVN	6mA	2712	1194	0.44	0.94	5	50.0	2	50.0
EcCa541b	2	2	GAAAKCC	4-BYGAAAKCCDKNNNN	6mA	2179	669	0.307	0.94	4	98.669	3	1.331
EcCa541b	3	3	CACNNNNNNNCTGG	3-CACSNNNNNRCTGG	6mA	1137	626	0.551	0.95	2	53.094	12	44.183
EcCa541b	4	4	No Motif Assigned	NA	6mA	NA	469	NA	0.94	NA	NA	NA	NA
EcCa541b	5	0	CCWGG	1-NNNNRCCWGGYNNNN	5mC	28070	6268	0.223	0.94	2	50.0	4	50.0
EcCa541b	6	1	No Motif Assigned	NA	5mC	NA	0	NA		NA	NA	NA	NA
EcCa541c	0	0	GATC	1-MVVNGATCNNNMNVN	6mA	43164	38258	0.886	0.95	2	50.0	3	50.0
EcCa541c	1	1	CTGCAG	3-NBVNBCTGCAGVNBVN	6mA	2768	1226	0.443	0.94	5	50.0	2	50.0
EcCa541c	2	2	CACNNNNNNNCTGG	2-CACSNHNNNGCTGG	6mA	1144	670	0.586	0.94	2	52.23	12	44.836
EcCa541c	3	3	No Motif Assigned	NA	6mA	NA	1164	NA	0.94	NA	NA	NA	NA
EcCa541c	4	0	CCWGG	1-BNHNRCCWGGYNDNV	5mC	28326	6312	0.223	0.94	2	50.0	4	50.0
EcCa541c	5	1	No Motif Assigned	NA	5mC	NA	0	NA		NA	NA	NA	NA
EcCa542a	0	0	GATC	1-NNVNNGATCNNBNN	6mA	43162	38102	0.883	0.96	2	50.0	3	50.0
EcCa542a	1	1	CTGCAG	2-NBNNBCTGCAGVNNVN	6mA	2770	1314	0.474	0.95	5	50.0	2	50.0
EcCa542a	2	2	CACNNNNNNRCTGG	4-CACSNNNNNRCTGG	6mA	709	485	0.684	0.95	12	52.477	2	46.13
EcCa542a	3	3	No Motif Assigned	NA	6mA	NA	1442	NA	0.95	NA	NA	NA	NA
EcCa542a	4	0	CCWGG	1-NNHNRCCWGGYNDNN	5mC	28320	7162	0.253	0.94	4	50.0	2	50.0
EcCa542a	5	1	No Motif Assigned	NA	5mC	NA	0	NA		NA	NA	NA	NA
EcCa542b	0	0	GATC	1-BVNBGATCNBNHNNN	6mA	43126	41774	0.969	0.97	2	50.0	3	50.0
EcCa542b	1	1	CTGCAG	2-DBNNBCTGCAGVNNVH	6mA	2766	1754	0.634	0.95	5	50.0	2	50.0
EcCa542b	2	2	CCAGNNNNNNNGTG	4-CCAGCVNNNBSGTG	6mA	1144	824	0.72	0.96	13	53.034	3	44.239
EcCa542b	3	3	No Motif Assigned	NA	6mA	NA	1936	NA	0.95	NA	NA	NA	NA
EcCa542b	4	0	CCWGG	1-NNHNRCCWGGYNDNN	5mC	28318	15442	0.545	0.95	4	50.0	2	50.0
EcCa542b	5	1	No Motif Assigned	NA	5mC	NA	0	NA		NA	NA	NA	NA
EcCa542c	0	0	GATC	1-BRNYGATCHBNHNNN	6mA	43162	41890	0.971	0.96	2	50.0	3	50.0
EcCa542c	1	1	CTGCAG	2-NNNNBCTGCAGVNNNN	6mA	2772	2050	0.74	0.95	5	50.0	2	50.0
EcCa542c	2	2	GAAAKCC	3-GAAAKCCDBNDNNNN	6mA	2203	1196	0.543	0.95	4	99.005	3	0.995
EcCa542c	3	3	CACNNNNNNNCTGG	4-CACSNNNNNRCTGG	6mA	1143	862	0.754	0.95	2	49.682	12	47.611
EcCa542c	4	4	No Motif Assigned	NA	6mA	NA	848	NA	0.95	NA	NA	NA	NA
EcCa542c	5	0	CCWGG	1-NNHNRCCWGGYNDNN	5mC	28320	14250	0.503	0.94	2	50.0	4	50.0
EcCa542c	6	1	No Motif Assigned	NA	5mC	NA	0	NA		NA	NA	NA	NA
EcCa543a	0	0	GATC	1-VMWGATCSHBNNNNN	6mA	43164	40198	0.931	0.96	2	50.0	3	50.0
EcCa543a	1	1	CTGCAG	2-NBNNBCTGCAGVNNVN	6mA	2770	1474	0.532	0.94	5	50.0	2	50.0
EcCa543a	2	2	GAAAKCC	3-SBBGAAAKCCDBNDN	6mA	2205	814	0.369	0.94	4	98.66	3	1.34
EcCa543a	3	3	CACNNNNNNNCTGG	4-CACSNNNNNRCTGG	6mA	1143	721	0.631	0.95	2	54.65	12	42.947
EcCa543a	4	4	CWGATCWG	5-CWGATCWG	6mA	572	516	0.902	0.96	4	49.882	5	49.882
EcCa543a	5	5	No Motif Assigned	NA	6mA	NA	544	NA	0.94	NA	NA	NA	NA
EcCa543a	6	0	CCWGG	1-BNHNRCCWGGYNDNV	5mC	28326	8650	0.305	0.94	4	50.0	2	50.0
EcCa543a	7	1	No Motif Assigned	NA	5mC	NA	0	NA		NA	NA	NA	NA
EcCa543b	0	0	GATC	1-YRNYGATCHBVHNNN	6mA	43742	42344	0.968	0.96	2	50.0	3	50.0
EcCa543b	1	1	CTGCAG	2-NNNNBCTGCAGVNNNN	6mA	2874	2052	0.714	0.95	5	50.0	2	50.0
EcCa543b	2	2	GAAAKCC	3-GAAAKCCDBNDNNNN	6mA	2241	1223	0.546	0.95	4	99.269	3	0.731
EcCa543b	3	3	CCAGNNNNNNNGTG	4-CCAGYNNNNBSGTG	6mA	1165	901	0.773	0.95	13	50.0	3	47.381
EcCa543b	4	4	No Motif Assigned	NA	6mA	NA	891	NA	0.95	NA	NA	NA	NA
EcCa543b	5	0	CCWGG	1-NNHNRCCWGGYNDNN	5mC	28804	14304	0.497	0.94	4	50.0	2	50.0
EcCa543b	6	1	No Motif Assigned	NA	5mC	NA	0	NA		NA	NA	NA	NA
EcCa543c	0	0	GATC	1-SMWGATCSHNNNNNN	6mA	43164	41412	0.959	0.96	2	50.0	3	50.0
EcCa543c	1	1	CTGCAG	3-NNNNBCTGCAGVNNNN	6mA	2772	1886	0.68	0.95	5	50.0	2	50.0
EcCa543c	2	2	CACNNNNNNNCTGG	4-CACCDNNNNRCTGG	6mA	1144	873	0.763	0.95	2	50.77	12	46.715
EcCa543c	3	3	CACNCNNNNNCTGG	5-CACGCDGBNDCTGG	6mA	284	216	0.761	0.95	2	50.495	12	48.515
EcCa543c	4	4	No Motif Assigned	NA	6mA	NA	1903	NA	0.95	NA	NA	NA	NA
EcCa543c	5	0	CCWGG	1-NNHNRCCWGGYNDNN	5mC	28326	12828	0.453	0.94	2	50.0	4	50.0
EcCa543c	6	1	No Motif Assigned	NA	5mC	NA	0	NA		NA	NA	NA	NA
EcCa543d	0	0	GATC	1-BVNBGATCHBNHNNN	6mA	43164	40654	0.942	0.97	2	50.0	3	50.0
EcCa543d	1	1	CTGCAG	2-NBNNBCTGCAGVNNVN	6mA	2772	1944	0.701	0.96	2	50.0	5	50.0
EcCa543d	2	2	CACSNNNNNNCTGG	4-CACSVNNNNGCTGG	6mA	746	580	0.777	0.96	2	48.364	12	48.242
EcCa543d	3	3	No Motif Assigned	NA	6mA	NA	2167	NA	0.96	NA	NA	NA	NA
EcCa543d	4	0	CCWGG	1-NNNNRCCWGGYNNNN	5mC	28326	14334	0.506	0.95	4	50.0	2	50.0
EcCa543d	5	1	No Motif Assigned	NA	5mC	NA	0	NA		NA	NA	NA	NA
EcCa577a	0	0	GATC	1-BGNBGATCNNNHNNN	6mA	42628	40714	0.955	0.97	2	50.0	3	50.0
EcCa577a	1	1	GAAAKCC	2-NBGAAAKCCDBNNNN	6mA	2148	1124	0.523	0.95	4	98.592	3	1.408
EcCa577a	2	2	CACNNNNNNNCTGG	3-CACSNNNNNRCTGG	6mA	1133	839	0.741	0.95	2	51.169	12	46.494
EcCa577a	3	3	No Motif Assigned	NA	6mA	NA	780	NA	0.95	NA	NA	NA	NA
EcCa577a	4	0	CCWGG	1-NNNNRCCWGGYNNNN	5mC	27796	13372	0.481	0.95	2	50.0	4	50.0
EcCa577a	5	1	No Motif Assigned	NA	5mC	NA	0	NA		NA	NA	NA	NA
EcCa577b	0	0	GATC	1-MVVNGATCNNNHNVN	6mA	42900	37898	0.883	0.95	2	50.0	3	50.0
EcCa577b	1	1	CCAGYNNNNNNGTG	2-CCAGYNNNNNSGTG	6mA	715	448	0.627	0.94	13	50.683	3	47.611
EcCa577b	2	2	No Motif Assigned	NA	6mA	NA	1213	NA	0.94	NA	NA	NA	NA
EcCa577b	3	0	CCWGG	1-BNHNRCCWGGYNDNV	5mC	28036	6152	0.219	0.93	4	50.0	2	50.0
EcCa577b	4	1	CGACCGNNR	2-VACGACCGCCRVVM	5mC	1418	47	0.033	0.93	6	72.34	1	27.66
EcCa577b	5	2	No Motif Assigned	NA	5mC	NA	57	NA	0.92	NA	NA	NA	NA
EcCa577c	0	0	GATC	1-NVDBGATCNSNNNNN	6mA	42900	37868	0.883	0.96	3	50.0	2	50.0
EcCa577c	1	1	GAAAKCC	2-BYGAAAKCCDBNNNN	6mA	2171	741	0.341	0.94	4	98.667	3	1.333
EcCa577c	2	2	CCAGCNNNNNNGTG	3-CCAGCVNNNBSGTG	6mA	451	329	0.729	0.95	13	53.793	3	44.368
EcCa577c	3	3	No Motif Assigned	NA	6mA	NA	752	NA	0.95	NA	NA	NA	NA
EcCa577c	4	0	CCWGG	1-NNNNRCCWGGYNNNN	5mC	28038	7472	0.266	0.94	4	50.0	2	50.0
EcCa577c	5	1	No Motif Assigned	NA	5mC	NA	28	NA	0.93	NA	NA	NA	NA
EcCa577d	0	0	GATC	1-NNVNNGATCNNBNN	6mA	42900	38000	0.886	0.95	3	50.0	2	50.0
EcCa577d	1	1	CACNNNNNNRCTGG	3-CACSVHNNVRCTGG	6mA	715	450	0.629	0.95	12	52.218	2	46.416
EcCa577d	2	2	No Motif Assigned	NA	6mA	NA	1182	NA	0.94	NA	NA	NA	NA
EcCa577d	3	0	CCWGG	1-NNNNRCCWGGYNNNN	5mC	28036	6516	0.232	0.93	2	50.0	4	50.0
EcCa577d	4	1	CGACCGY	2-SACGACCGYBDGVB	5mC	1522	46	0.03	0.91	6	65.217	1	34.783
EcCa577d	5	2	No Motif Assigned	NA	5mC	NA	47	NA	0.92	NA	NA	NA	NA
EcCa613a	0	0	GATC	1-NNVNNGATCNNBNN	6mA	43214	41726	0.966	0.96	2	50.0	3	50.0
EcCa613a	1	1	GAAAKCC	3-GAAAKCCDBNNNNNN	6mA	2185	1090	0.499	0.95	4	98.82	3	1.18
EcCa613a	2	2	CTGCAG	2-NBNNBCTGCAGVNNVN	6mA	2786	1666	0.598	0.94	5	50.0	2	50.0
EcCa613a	3	3	CACNNNNNNNCTGG	4-CACSNNNNNRCTGG	6mA	1146	791	0.69	0.95	2	53.156	12	43.916
EcCa613a	4	4	No Motif Assigned	NA	6mA	NA	680	NA	0.94	NA	NA	NA	NA
EcCa613a	5	0	CCWGG	1-NNHNRCCWGGYNDNN	5mC	28276	12460	0.441	0.94	4	50.0	2	50.0
EcCa613a	6	1	No Motif Assigned	NA	5mC	NA	0	NA		NA	NA	NA	NA
EcCa613b	0	0	GATC	1-YRNYGATCHBVHNNN	6mA	43252	42216	0.976	0.97	2	50.0	3	50.0
EcCa613b	1	1	CTGCAG	2-NNNNBCTGCAGVNNNN	6mA	2802	1868	0.667	0.95	5	50.0	2	50.0
EcCa613b	2	2	GAAAKCC	3-GAAAKCCRBBDBNNN	6mA	2207	1212	0.549	0.95	4	98.613	3	1.387
EcCa613b	3	3	CACNNNNNNNCTGG	4-CACSNNNNNRCTGG	6mA	1146	858	0.749	0.95	2	52.423	12	44.956
EcCa613b	4	4	No Motif Assigned	NA	6mA	NA	804	NA	0.94	NA	NA	NA	NA
EcCa613b	5	0	CCWGG	1-NNHNRCCWGGYNDNN	5mC	28354	14616	0.515	0.95	2	50.0	4	50.0
EcCa613b	6	1	No Motif Assigned	NA	5mC	NA	0	NA		NA	NA	NA	NA
EcCa619a	0	0	GATC	1-BGNBGATCNBNHNNN	6mA	42904	40622	0.947	0.96	3	50.0	2	50.0
EcCa619a	1	1	CACSNNNNNRCTGG	3-CACSVNNNNRCTGG	6mA	488	384	0.787	0.95	12	49.468	2	48.936
EcCa619a	2	2	No Motif Assigned	NA	6mA	NA	1954	NA	0.95	NA	NA	NA	NA
EcCa619a	3	0	CCWGG	1-NNHNRCCWGGYNDNN	5mC	28052	11616	0.414	0.94	2	50.0	4	50.0
EcCa619a	4	1	No Motif Assigned	NA	5mC	NA	44	NA	0.92	NA	NA	NA	NA
EcCa619b	0	0	GATC	1-VVVNGATCNNNMNNN	6mA	42904	41086	0.958	0.96	3	50.0	2	50.0
EcCa619b	1	1	GAAAKCC	3-BGAAAKCCDBNNNN	6mA	2177	995	0.457	0.95	4	99.4	3	0.6
EcCa619b	2	2	CACNNNNNNNCTGG	2-CACSNNNNNRCTGG	6mA	1152	790	0.686	0.95	2	53.264	12	43.803
EcCa619b	3	3	No Motif Assigned	NA	6mA	NA	643	NA	0.94	NA	NA	NA	NA
EcCa619b	4	0	CCWGG	1-NNHNRCCWGGYNDNN	5mC	28052	11798	0.421	0.94	4	50.0	2	50.0
EcCa619b	5	1	No Motif Assigned	NA	5mC	NA	32	NA	0.92	NA	NA	NA	NA
EcCa619c	0	0	GATC	1-NNVNNGATCNNBNN	6mA	42904	41592	0.969	0.97	2	50.0	3	50.0
EcCa619c	1	1	GAAAKCC	2-GAAAKCCDBNNNNNN	6mA	2177	1166	0.536	0.95	4	99.146	3	0.854
EcCa619c	2	2	CACNNNNNNNCTGG	3-CACSNHNNNRCTGG	6mA	1152	849	0.737	0.95	2	53.595	12	43.562
EcCa619c	3	3	CACNNGYNNNCTGG	4-CACCGGYRNGCTGG	6mA	146	119	0.815	0.95	2	50.588	12	47.059
EcCa619c	4	4	No Motif Assigned	NA	6mA	NA	752	NA	0.94	NA	NA	NA	NA
EcCa619c	5	0	CCWGG	1-NNHNRCCWGGYNDNN	5mC	28052	13758	0.49	0.94	2	50.0	4	50.0
EcCa619c	6	1	CGRCSGYCG	3-CGRCSGYCG	5mC	318	30	0.094	0.92	6	36.667	4	36.667
EcCa619c	7	2	GCGGTCGCA	2-GCGGTCGCA	5mC	53	9	0.17	0.91	2	60.0	7	40.0
EcCa619c	8	3	No Motif Assigned	NA	5mC	NA	99	NA	0.93	NA	NA	NA	NA
EcCa619d	0	0	GATC	1-NNVNNGATCNNBNN	6mA	42916	41160	0.959	0.96	2	50.0	3	50.0
EcCa619d	1	1	GAAAKCC	2-SBGAAAKCCDBNNNN	6mA	2176	1075	0.494	0.95	4	99.351	3	0.649
EcCa619d	2	2	CACSNNNNNNCTGG	3-CACSBNDNNRCTGG	6mA	748	583	0.779	0.95	2	50.465	12	46.163
EcCa619d	3	3	No Motif Assigned	NA	6mA	NA	976	NA	0.95	NA	NA	NA	NA
EcCa619d	4	0	CCWGG	1-NNNNRCCWGGYNNNN	5mC	28060	13816	0.492	0.94	2	50.0	4	50.0
EcCa619d	5	1	CGRYCG	2-NNYNRCGRYCGYNRNN	5mC	8832	1508	0.171	0.93	6	50.0	1	50.0
EcCa619d	6	2	MTCGACCG	3-MTCGACCG	5mC	274	41	0.15	0.94	8	59.615	3	40.385
EcCa619d	7	3	No Motif Assigned	NA	5mC	NA	2	NA	0.98	NA	NA	NA	NA
EcCa619e	0	0	GATC	1-HRNYGATCHBVHNNN	6mA	42904	41520	0.968	0.96	2	50.0	3	50.0
EcCa619e	1	1	GAAAKCC	2-GAAAKCCDBNNNNNN	6mA	2177	1106	0.508	0.95	4	98.836	3	1.164
EcCa619e	2	2	CACSNNNNNNCTGG	3-CACSNNNNNRCTGG	6mA	747	567	0.759	0.95	2	52.035	12	44.513
EcCa619e	3	3	No Motif Assigned	NA	6mA	NA	932	NA	0.94	NA	NA	NA	NA
EcCa619e	4	0	CCWGG	1-NNHNRCCWGGYNDNN	5mC	28052	13326	0.475	0.94	2	50.0	4	50.0
EcCa619e	5	1	No Motif Assigned	NA	5mC	NA	13	NA	0.92	NA	NA	NA	NA
EcCa619f	0	0	GATC	1-NNVNNGATCNNBNN	6mA	42898	41052	0.957	0.96	2	50.0	3	50.0
EcCa619f	1	1	GAAAKCC	2-BGAAAKCCDBNNNNN	6mA	2176	992	0.456	0.94	4	99.2	3	0.8
EcCa619f	2	2	CCAGNNNNNNNGTG	3-CCAGCGNVDBSGTG	6mA	1152	769	0.668	0.94	13	54.51	3	42.386
EcCa619f	3	3	No Motif Assigned	NA	6mA	NA	740	NA	0.94	NA	NA	NA	NA
EcCa619f	4	0	CCWGG	1-NNNNRCCWGGYNNNN	5mC	28050	11992	0.428	0.94	2	50.0	4	50.0
EcCa619f	5	1	CRNCGGTCG	2-CRVCGGTCG	5mC	416	33	0.079	0.92	4	63.636	9	36.364
EcCa619f	6	2	No Motif Assigned	NA	5mC	NA	63	NA	0.92	NA	NA	NA	NA
EcCa620a	0	0	GATC	1-VMWGATCSHBNNNNN	6mA	43100	41854	0.971	0.97	2	50.0	3	50.0
EcCa620a	1	1	GAAAKCCNNNNNY	2-GAAAKCCRBHDBYDB	6mA	1138	620	0.545	0.95	4	93.574	10	2.038
EcCa620a	2	2	CACNNNNNNNCTGG	3-CACSVNNNNRCTGG	6mA	1146	823	0.718	0.95	2	52.867	12	44.265
EcCa620a	3	3	No Motif Assigned	NA	6mA	NA	1232	NA	0.95	NA	NA	NA	NA
EcCa620a	4	0	CCWGG	1-NNHNRCCWGGYNDNN	5mC	28352	12938	0.456	0.94	2	50.0	4	50.0
EcCa620a	5	1	No Motif Assigned	NA	5mC	NA	0	NA		NA	NA	NA	NA
EcCa620b	0	0	GATC	1-NYGNYGATCNBDNNN	6mA	43190	41976	0.972	0.97	2	50.0	3	50.0
EcCa620b	1	1	CTGCAG	2-NNNNBCTGCAGVNNNN	6mA	2800	2070	0.739	0.95	2	50.0	5	50.0
EcCa620b	2	2	GAAAKCC	3-GAAAKCCDBNNNNNN	6mA	2205	1237	0.561	0.95	4	99.198	3	0.802
EcCa620b	3	3	CCAGNNNNNNNGTG	4-CCAGCVNNNNSGTG	6mA	1149	880	0.766	0.95	13	51.368	3	46.286
EcCa620b	4	4	No Motif Assigned	NA	6mA	NA	906	NA	0.95	NA	NA	NA	NA
EcCa620b	5	0	CCWGG	1-NNHNRCCWGGYNDNN	5mC	28330	14526	0.513	0.94	4	50.0	2	50.0
EcCa620b	6	1	No Motif Assigned	NA	5mC	NA	0	NA		NA	NA	NA	NA
EcCa620c	0	0	GATC	1-BRNYGATCHBNHNNN	6mA	43100	41830	0.971	0.97	2	50.0	3	50.0
EcCa620c	1	1	GAAAKCC	2-GAAAKCCDBNNNNNN	6mA	2227	1113	0.5	0.95	4	99.11	3	0.89
EcCa620c	2	2	CCAGYNNNNNNGTG	3-CCAGYNNNNNSGTG	6mA	711	574	0.807	0.95	13	50.716	3	47.971
EcCa620c	3	3	No Motif Assigned	NA	6mA	NA	908	NA	0.95	NA	NA	NA	NA
EcCa620c	4	0	CCWGG	1-NNHNRCCWGGYNDNN	5mC	28352	12766	0.45	0.94	4	50.0	2	50.0
EcCa620c	5	1	No Motif Assigned	NA	5mC	NA	0	NA		NA	NA	NA	NA
EcCa621a	0	0	GATC	1-BGNBGATCNBNHNNN	6mA	43096	40928	0.95	0.97	2	50.0	3	50.0
EcCa621a	1	1	GAAAKCC	2-GAAAKCCDBNNNNNN	6mA	2228	1071	0.481	0.95	4	98.708	3	1.292
EcCa621a	2	2	CCAGYNNNNNNGTG	3-CCAGYNHNNNSGTG	6mA	711	552	0.776	0.95	13	49.603	3	49.471
EcCa621a	3	3	No Motif Assigned	NA	6mA	NA	886	NA	0.95	NA	NA	NA	NA
EcCa621a	4	0	CCWGG	1-NNHNRCCWGGYNDNN	5mC	28346	12508	0.441	0.95	2	50.0	4	50.0
EcCa621a	5	1	No Motif Assigned	NA	5mC	NA	0	NA		NA	NA	NA	NA
EcCa621b	0	0	GATC	1-BRNYGATCHBNHNNN	6mA	43100	41944	0.973	0.97	2	50.0	3	50.0
EcCa621b	1	1	CACNNNNNNNCTGG	3-CACSNNNNNRCTGG	6mA	1145	845	0.738	0.95	2	53.277	12	44.202
EcCa621b	2	2	No Motif Assigned	NA	6mA	NA	1899	NA	0.95	NA	NA	NA	NA
EcCa621b	3	0	CCWGG	1-NNHNRCCWGGYNDNN	5mC	28352	13594	0.479	0.94	4	50.0	2	50.0
EcCa621b	4	1	No Motif Assigned	NA	5mC	NA	0	NA		NA	NA	NA	NA
EcCa621c	0	0	GATC	1-VVVNGATCNNNMNNN	6mA	43068	41380	0.961	0.96	2	50.0	3	50.0
EcCa621c	1	1	GAAAKCC	2-GAAAKCCDBNNNNNN	6mA	2225	1012	0.455	0.94	4	99.02	3	0.98
EcCa621c	2	2	CCAGYNNNNNNGTG	3-CCAGYNNNNBSGTG	6mA	711	536	0.754	0.95	3	49.736	13	48.945
EcCa621c	3	3	No Motif Assigned	NA	6mA	NA	835	NA	0.94	NA	NA	NA	NA
EcCa621c	4	0	CCWGG	1-NNHNRCCWGGYNDNN	5mC	28332	11680	0.412	0.94	2	50.0	4	50.0
EcCa621c	5	1	No Motif Assigned	NA	5mC	NA	0	NA		NA	NA	NA	NA
EcCa621d	0	0	GATC	1-HRNYGATCHBVHNNN	6mA	43100	38212	0.887	0.97	2	50.0	3	50.0
EcCa621d	1	1	CACSNNNNNNCTGG	3-CACSNNNNNRCTGG	6mA	747	528	0.707	0.96	2	50.412	12	46.016
EcCa621d	2	2	No Motif Assigned	NA	6mA	NA	1798	NA	0.95	NA	NA	NA	NA
EcCa621d	3	0	CCWGG	1-NNNNRCCWGGYNNNN	5mC	28352	10876	0.384	0.95	2	50.0	4	50.0
EcCa621d	4	1	No Motif Assigned	NA	5mC	NA	0	NA		NA	NA	NA	NA
EcCa622a	0	0	GATC	1-MRNHGATCNNVHNNN	6mA	43192	41556	0.962	0.96	3	50.0	2	50.0
EcCa622a	1	1	CACNNNNNNRCTGG	3-CACSNHNNNRCTGG	6mA	722	588	0.814	0.95	12	49.822	2	48.873
EcCa622a	2	2	No Motif Assigned	NA	6mA	NA	1968	NA	0.95	NA	NA	NA	NA
EcCa622a	3	0	CCWGG	1-NNNNRCCWGGYNNNN	5mC	28312	14244	0.503	0.94	2	50.0	4	50.0
EcCa622a	4	1	CGRYCG	2-NNYVRCGRYCGYBRNN	5mC	8878	970	0.109	0.93	6	50.0	1	50.0
EcCa622a	5	2	No Motif Assigned	NA	5mC	NA	0	NA		NA	NA	NA	NA
EcCa622b	0	0	GATC	1-BVNBGATCDBNNNNN	6mA	43100	35818	0.831	0.97	3	50.0	2	50.0
EcCa622b	1	1	CACSNNNNNRCTGG	3-CACSNNNNNRCTGG	6mA	488	356	0.73	0.96	2	51.782	12	46.122
EcCa622b	2	2	No Motif Assigned	NA	6mA	NA	1786	NA	0.96	NA	NA	NA	NA
EcCa622b	3	0	CCWGG	1-NNNNRCCWGGYNNNN	5mC	28352	13298	0.469	0.95	4	50.0	2	50.0
EcCa622b	4	1	No Motif Assigned	NA	5mC	NA	0	NA		NA	NA	NA	NA
EcCa622c	0	0	GATC	1-NNDYGATCHKBNNNN	6mA	42650	40274	0.944	0.97	2	50.0	3	50.0
EcCa622c	1	1	GAAAKCC	2-GAAAKCCRBNNNNNN	6mA	2154	1077	0.5	0.96	4	98.804	3	1.196
EcCa622c	2	2	CCAGYNNNNNNGTG	3-CCAGYBYMNYGGTG	6mA	700	586	0.837	0.96	3	50.529	13	48.414
EcCa622c	3	3	No Motif Assigned	NA	6mA	NA	959	NA	0.95	NA	NA	NA	NA
EcCa622c	4	0	CCWGG	1-NNNNRCCWGGYNNNN	5mC	27808	13470	0.484	0.95	2	50.0	4	50.0
EcCa622c	5	1	No Motif Assigned	NA	5mC	NA	0	NA		NA	NA	NA	NA
EcCa622d	0	0	GATC	1-NBVNYGATCHBNHBN	6mA	43036	34886	0.811	0.97	2	50.0	3	50.0
EcCa622d	1	1	CACNNNNNNNCTGG	3-CACSNNNNNGCTGG	6mA	1152	701	0.609	0.96	2	49.447	12	48.341
EcCa622d	2	2	No Motif Assigned	NA	6mA	NA	1439	NA	0.95	NA	NA	NA	NA
EcCa622d	3	0	CCWGG	1-NNNNRCCWGGYNNNN	5mC	28138	10320	0.367	0.95	2	50.0	4	50.0
EcCa622d	4	1	CGRYCG	2-NBNRCGRYCGYNVN	5mC	8852	494	0.056	0.93	1	50.0	6	50.0
EcCa622d	5	2	CGACCGGC	3-CGACCGGC	5mC	166	21	0.127	0.93	6	57.143	1	42.857
EcCa622d	6	3	CGACCGCGC	4-CGACCGCGC	5mC	63	7	0.111	0.94	6	62.5	1	37.5
EcCa622d	7	4	No Motif Assigned	NA	5mC	NA	0	NA		NA	NA	NA	NA
EcCa623a	0	0	GATC	1-MVVNGATCNNNMNNN	6mA	42788	41366	0.967	0.96	2	50.0	3	50.0
EcCa623a	1	1	CCAGNNNNNNNGTG	2-CCAGYNNNNNSGTG	6mA	1140	881	0.773	0.95	13	51.556	3	46.289
EcCa623a	2	2	No Motif Assigned	NA	6mA	NA	2055	NA	0.95	NA	NA	NA	NA
EcCa623a	3	0	CCWGG	1-NNHNRCCWGGYNDNN	5mC	28104	13436	0.478	0.94	2	50.0	4	50.0
EcCa623a	4	1	No Motif Assigned	NA	5mC	NA	0	NA		NA	NA	NA	NA
EcCa623b	0	0	GATC	1-MVNBGATCNNNHNNN	6mA	43100	41884	0.972	0.97	2	50.0	3	50.0
EcCa623b	1	1	CACNNNNNNNCTGG	3-CACSNNNNNRCTGG	6mA	1146	881	0.769	0.95	2	53.662	12	43.869
EcCa623b	2	2	No Motif Assigned	NA	6mA	NA	1901	NA	0.95	NA	NA	NA	NA
EcCa623b	3	0	CCWGG	1-NNNNRCCWGGYNNNN	5mC	28352	13316	0.47	0.94	4	50.0	2	50.0
EcCa623b	4	1	No Motif Assigned	NA	5mC	NA	0	NA		NA	NA	NA	NA
EcCa623c	0	0	GATC	1-BRNBGATCNBNHNNN	6mA	43100	40582	0.942	0.96	2	50.0	3	50.0
EcCa623c	1	1	CACNNNNNNNCTGG	3-CACSNNNNNRCTGG	6mA	1147	787	0.686	0.95	2	52.372	12	44.837
EcCa623c	2	2	No Motif Assigned	NA	6mA	NA	1567	NA	0.94	NA	NA	NA	NA
EcCa623c	3	0	CCWGG	1-NNNNRCCWGGYNNNN	5mC	28352	9868	0.348	0.94	4	50.0	2	50.0
EcCa623c	4	1	No Motif Assigned	NA	5mC	NA	0	NA		NA	NA	NA	NA
EcCa623d	0	0	GATC	1-BVDBGATCHBNHNNN	6mA	43734	41958	0.959	0.96	2	50.0	3	50.0
EcCa623d	1	1	CTGCAG	2-NNNNBCTGCAGVNNNN	6mA	2824	1848	0.654	0.95	2	50.0	5	50.0
EcCa623d	2	2	CACNNNNNNNCTGG	3-CACSNNNNNRCTGG	6mA	1165	934	0.802	0.95	2	54.271	12	43.386
EcCa623d	3	3	No Motif Assigned	NA	6mA	NA	1941	NA	0.95	NA	NA	NA	NA
EcCa623d	4	0	CCWGG	1-NNHNDCCWGGHNDNN	5mC	28868	13096	0.454	0.94	4	50.0	2	50.0
EcCa623d	5	1	No Motif Assigned	NA	5mC	NA	0	NA		NA	NA	NA	NA
EcCa624a	0	0	GATC	1-MVNNGATCNNNHNVN	6mA	43100	40412	0.938	0.96	2	50.0	3	50.0
EcCa624a	1	1	GAAAKCC	2-GAAAKCCDBNNNNNN	6mA	2227	933	0.419	0.94	4	99.467	3	0.533
EcCa624a	2	2	CCAGNNNNNNNGTG	3-CCAGYNNNNNSGTG	6mA	1147	777	0.677	0.94	13	51.838	3	45.994
EcCa624a	3	3	No Motif Assigned	NA	6mA	NA	695	NA	0.94	NA	NA	NA	NA
EcCa624a	4	0	CCWGG	1-NNHNRCCWGGYNDNN	5mC	28352	9438	0.333	0.94	4	50.0	2	50.0
EcCa624a	5	1	No Motif Assigned	NA	5mC	NA	0	NA		NA	NA	NA	NA
EcCa624b	0	0	GATC	1-NDBGATCHGSNNNNN	6mA	43100	41582	0.965	0.96	2	50.0	3	50.0
EcCa624b	1	1	CACNNNNNNNCTGG	3-CACCDDNNVRCTGG	6mA	1146	871	0.76	0.95	2	52.112	12	45.1
EcCa624b	2	2	No Motif Assigned	NA	6mA	NA	1855	NA	0.95	NA	NA	NA	NA
EcCa624b	3	0	CCWGG	1-NNHNRCCWGGYNDNN	5mC	28352	12420	0.438	0.94	4	50.0	2	50.0
EcCa624b	4	1	No Motif Assigned	NA	5mC	NA	0	NA		NA	NA	NA	NA
EcCa624c	0	0	GATC	1-BRNBGATCNBNHNNN	6mA	43100	40650	0.943	0.97	2	50.0	3	50.0
EcCa624c	1	1	CCAGNNNNNNNGTG	2-CCAGCNNNNNSGTG	6mA	1147	857	0.747	0.96	13	49.958	3	47.46
EcCa624c	2	2	No Motif Assigned	NA	6mA	NA	1977	NA	0.96	NA	NA	NA	NA
EcCa624c	3	0	CCTGG	1-RCCTGGHNDNNNNN	5mC	14176	6741	0.476	0.95	2	85.336	4	14.664
EcCa624c	4	1	No Motif Assigned	NA	5mC	NA	1074	NA	0.94	NA	NA	NA	NA
EcCa625a	0	0	GATC	1-VVHGATCVHBNNNNN	6mA	43100	41090	0.953	0.96	2	50.0	3	50.0
EcCa625a	1	1	CACNNNNNNNCTGG	3-CACSNNDNNRCTGG	6mA	1147	819	0.714	0.95	2	53.929	12	43.571
EcCa625a	2	2	No Motif Assigned	NA	6mA	NA	1658	NA	0.94	NA	NA	NA	NA
EcCa625a	3	0	CCWGG	1-NNNNRCCWGGYNNNN	5mC	28352	10992	0.388	0.94	2	50.0	4	50.0
EcCa625a	4	1	No Motif Assigned	NA	5mC	NA	0	NA		NA	NA	NA	NA
EcCa625b	0	0	GATC	1-NVNNGATCNNBN	6mA	43100	37980	0.881	0.97	2	50.0	3	50.0
EcCa625b	1	1	CACNNNNNNRCTGG	3-CACSNNNNNRCTGG	6mA	711	532	0.748	0.96	2	50.769	12	47.692
EcCa625b	2	2	No Motif Assigned	NA	6mA	NA	1760	NA	0.95	NA	NA	NA	NA
EcCa625b	3	0	CCWGG	1-NNNNRCCWGGYNNNN	5mC	28352	10632	0.375	0.95	4	50.0	2	50.0
EcCa625b	4	1	No Motif Assigned	NA	5mC	NA	0	NA		NA	NA	NA	NA
EcCa625c	0	0	GATC	1-BVDBGATCHBNHNNN	6mA	43100	41992	0.974	0.97	2	50.0	3	50.0
EcCa625c	1	1	GAAAKCC	2-GAAAKCCDBNNNNNN	6mA	2228	1209	0.543	0.95	4	99.179	3	0.821
EcCa625c	2	2	CACSNNNNNNCTGG	3-CACSSWVNNRCTGG	6mA	747	608	0.814	0.95	2	49.836	12	47.11
EcCa625c	3	3	No Motif Assigned	NA	6mA	NA	1075	NA	0.95	NA	NA	NA	NA
EcCa625c	4	0	CCWGG	1-NNNNRCCWGGYNNNN	5mC	28352	14988	0.529	0.94	4	50.0	2	50.0
EcCa625c	5	1	No Motif Assigned	NA	5mC	NA	0	NA		NA	NA	NA	NA
EcCa625d	0	0	GATC	1-NNVNNGATCNNBNN	6mA	43100	41516	0.963	0.96	2	50.0	3	50.0
EcCa625d	1	1	GAAAKCC	2-GAAAKCCDBNNNNNN	6mA	2228	1065	0.478	0.95	4	98.883	3	1.117
EcCa625d	2	2	CACNNNNNNNCTGG	3-CACSVNNNNRCTGG	6mA	1146	850	0.742	0.95	2	53.527	12	43.9
EcCa625d	3	3	No Motif Assigned	NA	6mA	NA	719	NA	0.94	NA	NA	NA	NA
EcCa625d	4	0	CCWGG	1-NNNNRCCWGGYNNNN	5mC	28352	12298	0.434	0.94	2	50.0	4	50.0
EcCa625d	5	1	No Motif Assigned	NA	5mC	NA	0	NA		NA	NA	NA	NA
EcCa626a	0	0	GATC	1-BRNBGATCNBNHNNN	6mA	43162	41068	0.951	0.96	2	50.0	3	50.0
EcCa626a	1	1	CTGCAG	3-BNDSCTGCAGSHNV	6mA	2770	1476	0.533	0.94	5	50.0	2	50.0
EcCa626a	2	2	CACSNNNNNNCTGG	4-CACSVNNNNGCTGG	6mA	746	508	0.681	0.95	2	50.71	12	44.886
EcCa626a	3	3	No Motif Assigned	NA	6mA	NA	1693	NA	0.94	NA	NA	NA	NA
EcCa626a	4	0	CCWGG	1-NNNNRCCWGGYNNNN	5mC	28320	9930	0.351	0.94	4	50.0	2	50.0
EcCa626a	5	1	No Motif Assigned	NA	5mC	NA	0	NA		NA	NA	NA	NA
EcCa626b	0	0	GATC	1-VVNNGATCNNNHNVN	6mA	43366	41216	0.95	0.96	2	50.0	3	50.0
EcCa626b	1	1	CTGCAG	2-NBNNBCTGCAGVNNVN	6mA	2860	1522	0.532	0.94	5	50.0	2	50.0
EcCa626b	2	2	CCAGNNNNNNNGTG	4-CCAGYNNNNNSGTG	6mA	1158	772	0.667	0.94	13	52.251	3	44.934
EcCa626b	3	3	No Motif Assigned	NA	6mA	NA	1702	NA	0.94	NA	NA	NA	NA
EcCa626b	4	0	CCWGG	1-NNHNRCCWGGYNDNN	5mC	28572	10300	0.36	0.94	4	50.0	2	50.0
EcCa626b	5	1	No Motif Assigned	NA	5mC	NA	0	NA		NA	NA	NA	NA
EcCa626c	0	0	GATC	1-NVNBGATCDBNNNNN	6mA	43162	40888	0.947	0.96	3	50.0	2	50.0
EcCa626c	1	1	CTGCAG	2-NBNNBCTGCAGVNNVN	6mA	2772	1520	0.548	0.94	5	50.0	2	50.0
EcCa626c	2	2	CACNNNNNNNCTGG	4-CACSNNNNNRCTGG	6mA	1143	747	0.654	0.95	2	52.594	12	44.557
EcCa626c	3	3	No Motif Assigned	NA	6mA	NA	1529	NA	0.94	NA	NA	NA	NA
EcCa626c	4	0	CCWGG	1-NNHNRCCWGGYNDNN	5mC	28322	9538	0.337	0.94	4	50.0	2	50.0
EcCa626c	5	1	No Motif Assigned	NA	5mC	NA	0	NA		NA	NA	NA	NA
EcCa626d	0	0	GATC	1-BVNBGATCNBNHNNN	6mA	43162	41434	0.96	0.97	2	50.0	3	50.0
EcCa626d	1	1	CTGCAG	2-NNNNBCTGCAGVNNNN	6mA	2772	1758	0.634	0.95	5	50.0	2	50.0
EcCa626d	2	2	GAAAKCC	3-GAAAKCCDBNNNNNN	6mA	2204	1078	0.489	0.95	4	99.079	3	0.921
EcCa626d	3	3	CACNNNNNNNCTGG	4-CACSNNNNNRCTGG	6mA	1144	851	0.744	0.96	2	52.163	12	45.377
EcCa626d	4	4	No Motif Assigned	NA	6mA	NA	749	NA	0.95	NA	NA	NA	NA
EcCa626d	5	0	CCWGG	1-NNHNRCCWGGYNDNN	5mC	28320	14186	0.501	0.95	2	50.0	4	50.0
EcCa626d	6	1	No Motif Assigned	NA	5mC	NA	0	NA		NA	NA	NA	NA
EcCa628a	0	0	GATC	1-NNVNNGATCNNBNN	6mA	43876	41522	0.946	0.96	3	50.0	2	50.0
EcCa628a	1	1	CTGCAG	2-NNNNBCTGCAGVNNNN	6mA	2886	1540	0.534	0.94	2	50.0	5	50.0
EcCa628a	2	2	GAAAKCC	3-SBBGAAAKCCDBNNN	6mA	2258	907	0.402	0.94	4	98.802	3	1.198
EcCa628a	3	3	CACNNNNNNNCTGG	4-CACSNNNNNRCTGG	6mA	1169	763	0.653	0.95	2	53.876	12	43.376
EcCa628a	4	4	No Motif Assigned	NA	6mA	NA	606	NA	0.94	NA	NA	NA	NA
EcCa628a	5	0	CCWGG	1-NNHNRCCWGGYNDNN	5mC	29084	9846	0.339	0.94	2	50.0	4	50.0
EcCa628a	6	1	No Motif Assigned	NA	5mC	NA	0	NA		NA	NA	NA	NA
EcCa630a	0	0	GATC	1-YRNYGATCNBVHNNN	6mA	43752	41360	0.945	0.96	2	50.0	3	50.0
EcCa630a	1	1	CTGCAG	2-NBNNBCTGCAGVNNVN	6mA	2954	1602	0.542	0.94	2	50.0	5	50.0
EcCa630a	2	2	CACNNNNNNNCTGG	3-CACSNNNNNRCTGG	6mA	1169	773	0.661	0.95	2	52.846	12	44.592
EcCa630a	3	3	No Motif Assigned	NA	6mA	NA	1573	NA	0.94	NA	NA	NA	NA
EcCa630a	4	0	CCWGG	1-NNHNRCCWGGYNDNN	5mC	28968	10240	0.353	0.94	2	50.0	4	50.0
EcCa630a	5	1	No Motif Assigned	NA	5mC	NA	0	NA		NA	NA	NA	NA
EcCa630b	0	0	GATC	1-NNVNNGATCNNBNN	6mA	43534	40676	0.934	0.96	2	50.0	3	50.0
EcCa630b	1	1	CTGCAG	2-BNNBCTGCAGVNNV	6mA	2902	1466	0.505	0.94	5	50.0	2	50.0
EcCa630b	2	2	GAAAKCC	4-GAAAKCCRBBDNNRN	6mA	2246	865	0.385	0.94	4	98.97	3	1.03
EcCa630b	3	3	CACNNNNNNNCTGG	3-CACSNNNNNRCTGG	6mA	1163	736	0.633	0.94	2	51.675	12	45.888
EcCa630b	4	4	No Motif Assigned	NA	6mA	NA	605	NA	0.94	NA	NA	NA	NA
EcCa630b	5	0	CCWGG	1-NNNNRCCWGGYNNNN	5mC	28712	9120	0.318	0.94	2	50.0	4	50.0
EcCa630b	6	1	No Motif Assigned	NA	5mC	NA	0	NA		NA	NA	NA	NA
EcCa630c	0	0	GATC	1-BVDBGATCHBNHNNN	6mA	43752	42406	0.969	0.97	2	50.0	3	50.0
EcCa630c	1	1	CTGCAG	2-DNNNBCTGCAGVNNNH	6mA	2950	1826	0.619	0.95	5	50.0	2	50.0
EcCa630c	2	2	GAAAKCC	3-SBGAAAKCCDBNDNN	6mA	2273	1140	0.502	0.95	4	98.955	3	1.045
EcCa630c	3	3	CCAGNNNNNNNGTG	4-CCAGYNNNNNSGTG	6mA	1170	861	0.736	0.95	13	52.912	3	44.463
EcCa630c	4	4	No Motif Assigned	NA	6mA	NA	859	NA	0.95	NA	NA	NA	NA
EcCa630c	5	0	CCWGG	1-NNHNRCCWGGYNDNN	5mC	28968	13632	0.471	0.95	2	50.0	4	50.0
EcCa630c	6	1	No Motif Assigned	NA	5mC	NA	0	NA		NA	NA	NA	NA
EcCa630d	0	0	GATC	1-VDBGATCHSNNNNNN	6mA	43752	42184	0.964	0.97	3	50.0	2	50.0
EcCa630d	1	1	CTGCAG	2-NNNBCTGCAGVNNN	6mA	2954	1854	0.628	0.95	5	50.0	2	50.0
EcCa630d	2	2	GAAAKCC	3-GAAAKCCRBNDNNNN	6mA	2272	1107	0.487	0.96	4	99.281	3	0.719
EcCa630d	3	3	CACNNNNNNNCTGG	4-CACCVNNNNGCTGG	6mA	1171	838	0.716	0.96	2	52.541	12	44.617
EcCa630d	4	4	No Motif Assigned	NA	6mA	NA	735	NA	0.95	NA	NA	NA	NA
EcCa630d	5	0	CCWGG	1-NNNNRCCWGGYNNNN	5mC	28968	15772	0.544	0.95	4	50.0	2	50.0
EcCa630d	6	1	No Motif Assigned	NA	5mC	NA	0	NA		NA	NA	NA	NA
EcCa631a	0	0	GATC	1-BVNBGATCNBNHNNN	6mA	43322	41354	0.955	0.96	3	50.0	2	50.0
EcCa631a	1	1	CACNNNNNNNCTGG	3-CACSNHBNNRCTGG	6mA	1162	746	0.642	0.94	2	54.07	12	42.513
EcCa631a	2	2	No Motif Assigned	NA	6mA	NA	1551	NA	0.94	NA	NA	NA	NA
EcCa631a	3	0	CCWGG	1-NNHNRCCWGGYNDNN	5mC	28584	10296	0.36	0.94	2	50.0	4	50.0
EcCa631a	4	1	No Motif Assigned	NA	5mC	NA	0	NA		NA	NA	NA	NA
EcCa631b	0	0	GATC	1-NNVNNGATCNNBNN	6mA	43532	41138	0.945	0.96	2	50.0	3	50.0
EcCa631b	1	1	CTGCAG	2-BNNBCTGCAGVNNV	6mA	2896	1562	0.539	0.94	5	50.0	2	50.0
EcCa631b	2	2	GAAAKCC	3-BGAAAKCCDBNNNNN	6mA	2246	942	0.419	0.94	4	98.846	3	1.154
EcCa631b	3	3	CACNNNNNNNCTGG	4-CACSVNNNNRCTGG	6mA	1163	766	0.659	0.95	2	52.505	12	44.605
EcCa631b	4	4	No Motif Assigned	NA	6mA	NA	623	NA	0.94	NA	NA	NA	NA
EcCa631b	5	0	CCWGG	1-NNNNRCCWGGYNNNN	5mC	28710	10404	0.362	0.94	2	50.0	4	50.0
EcCa631b	6	1	No Motif Assigned	NA	5mC	NA	0	NA		NA	NA	NA	NA
EcCa632a	0	0	GATC	1-NVDBGATCNSNNNNN	6mA	43132	29076	0.674	0.98	2	50.0	3	50.0
EcCa632a	1	1	CTGCAG	2-WNNNBCTGCAGVNNNW	6mA	2796	1276	0.456	0.96	5	50.0	2	50.0
EcCa632a	2	2	GAAAKCC	3-VBGAAAKCCRBNNNN	6mA	2202	723	0.328	0.96	4	98.499	3	1.501
EcCa632a	3	3	CACNNNNSNNCTGG	5-CACCRDHSVRCTGG	6mA	599	340	0.568	0.96	12	48.276	2	48.046
EcCa632a	4	4	CACNNNNNNNCTGG	4-CACSNHVNNRCTGG	6mA	1148	613	0.534	0.96	2	50.065	12	47.458
EcCa632a	5	5	No Motif Assigned	NA	6mA	NA	555	NA	0.95	NA	NA	NA	NA
EcCa632a	6	0	CCWGG	1-NNNNRCCWGGYNNNN	5mC	28294	11140	0.394	0.96	2	50.0	4	50.0
EcCa632a	7	1	No Motif Assigned	NA	5mC	NA	0	NA		NA	NA	NA	NA
EcCa632b	0	0	GATC	1-BVNBGATCHBNHNVN	6mA	43322	40684	0.939	0.96	2	50.0	3	50.0
EcCa632b	1	1	GAAAKCC	3-SYGAAAKCCRBNNNV	6mA	2239	915	0.409	0.94	4	98.917	3	1.083
EcCa632b	2	2	CCAGYNNNNNNGTG	2-CCAGYNNNNNSGTG	6mA	724	530	0.732	0.95	3	50.205	13	48.431
EcCa632b	3	3	No Motif Assigned	NA	6mA	NA	760	NA	0.94	NA	NA	NA	NA
EcCa632b	4	0	CCWGG	1-NNHNRCCWGGYNDNN	5mC	28584	9078	0.318	0.94	4	50.0	2	50.0
EcCa632b	5	1	No Motif Assigned	NA	5mC	NA	0	NA		NA	NA	NA	NA
EcCa633a	0	0	GATC	1-MVVNGATCNNNMNNN	6mA	43322	41724	0.963	0.96	3	50.0	2	50.0
EcCa633a	1	1	GAAAKCC	2-GAAAKCCDBNNNNNN	6mA	2238	1020	0.456	0.95	4	99.22	3	0.78
EcCa633a	2	2	CACNNNNNNNCTGG	3-CACSNHNNNRCTGG	6mA	1162	801	0.689	0.95	2	52.458	12	44.415
EcCa633a	3	3	No Motif Assigned	NA	6mA	NA	686	NA	0.94	NA	NA	NA	NA
EcCa633a	4	0	CCWGG	1-NNHNRCCWGGYNDNN	5mC	28584	11532	0.403	0.94	4	50.0	2	50.0
EcCa633a	5	1	No Motif Assigned	NA	5mC	NA	0	NA		NA	NA	NA	NA
EcCa633b	0	0	GATC	1-BRNYGATCNBVHNNN	6mA	43322	41306	0.953	0.96	2	50.0	3	50.0
EcCa633b	1	1	CACNNNNNNNCTGG	3-CACSNNNNNRCTGG	6mA	1162	747	0.643	0.95	2	51.921	12	45.025
EcCa633b	2	2	No Motif Assigned	NA	6mA	NA	1545	NA	0.94	NA	NA	NA	NA
EcCa633b	3	0	CCWGG	1-NNNNRCCWGGYNNNN	5mC	28584	10742	0.376	0.94	2	50.0	4	50.0
EcCa633b	4	1	No Motif Assigned	NA	5mC	NA	0	NA		NA	NA	NA	NA
EcCa633c	0	0	GATC	1-NNVNNGATCNNBNN	6mA	43322	41052	0.948	0.96	2	50.0	3	50.0
EcCa633c	1	1	CACNNNNNNNCTGG	2-CACSNNNNNRCTGG	6mA	1161	782	0.674	0.95	2	52.695	12	44.052
EcCa633c	2	2	No Motif Assigned	NA	6mA	NA	1511	NA	0.94	NA	NA	NA	NA
EcCa633c	3	0	CCWGG	1-NNNNRCCWGGYNNNN	5mC	28584	10308	0.361	0.94	2	50.0	4	50.0
EcCa633c	4	1	No Motif Assigned	NA	5mC	NA	0	NA		NA	NA	NA	NA
EcCa633d	0	0	GATC	1-NNVNNGATCNNBNN	6mA	43322	39804	0.919	0.96	2	50.0	3	50.0
EcCa633d	1	1	GAAAKCC	3-GAAAKCCDBNNNNNN	6mA	2238	842	0.376	0.95	4	98.707	3	1.293
EcCa633d	2	2	CCAGYNNNNNNGTG	2-CCAGYDNNNNSGTG	6mA	724	544	0.751	0.96	13	49.799	3	48.993
EcCa633d	3	3	No Motif Assigned	NA	6mA	NA	799	NA	0.95	NA	NA	NA	NA
EcCa633d	4	0	CCWGG	1-NNNNRCCWGGYNNNN	5mC	28584	9772	0.342	0.95	4	50.0	2	50.0
EcCa633d	5	1	No Motif Assigned	NA	5mC	NA	0	NA		NA	NA	NA	NA
EcCa637a	0	0	GATC	1-NVDBGATCNSNNNNN	6mA	43100	22280	0.517	0.97	2	50.0	3	50.0
EcCa637a	1	1	GAAANCC	3-GAAAKCCDSNNNNN	6mA	4241	501	0.118	0.95	4	97.244	3	2.756
EcCa637a	2	2	CTGCAG	2-NNNNBCTGCAGVNNNN	6mA	2730	872	0.319	0.95	5	50.0	2	50.0
EcCa637a	3	3	CACNNNNNNNCTGG	4-CACCDNNNNRCTGG	6mA	1144	407	0.356	0.96	2	50.427	12	46.581
EcCa637a	4	4	No Motif Assigned	NA	6mA	NA	250	NA	0.95	NA	NA	NA	NA
EcCa637a	5	0	CCWGG	1-NNNNRCCWGGYNNNN	5mC	28280	5702	0.202	0.95	2	50.0	4	50.0
EcCa637a	6	1	No Motif Assigned	NA	5mC	NA	0	NA		NA	NA	NA	NA
EcCa638a	0	0	GATC	1-NSVDGATCRHBNNNN	6mA	43076	40306	0.936	0.96	2	50.0	3	50.0
EcCa638a	1	1	CTGCAG	2-HNNNBCTGCAGVNNND	6mA	2798	1482	0.53	0.94	5	50.0	2	50.0
EcCa638a	2	2	CACNNNNNNNCTGG	3-CACSVNNNNRCTGG	6mA	1148	761	0.663	0.95	2	53.137	12	44.02
EcCa638a	3	3	No Motif Assigned	NA	6mA	NA	1490	NA	0.94	NA	NA	NA	NA
EcCa638a	4	0	CCWGG	1-NNNNRCCWGGYNNNN	5mC	28274	9730	0.344	0.94	2	50.0	4	50.0
EcCa638a	5	1	No Motif Assigned	NA	5mC	NA	0	NA		NA	NA	NA	NA
EcCa638b	0	0	GATC	1-MVVNGATCNNNMNNN	6mA	43076	40534	0.941	0.96	2	50.0	3	50.0
EcCa638b	1	1	CTGCAG	2-NNNNSCTGCAGSNNNN	6mA	2798	1552	0.555	0.94	5	50.0	2	50.0
EcCa638b	2	2	GAAAKCC	4-SBGAAAKCCDBNNNN	6mA	2202	888	0.403	0.94	4	98.996	3	1.004
EcCa638b	3	3	CCAGNNNNNNNGTG	3-CCAGCGNNNBSGTG	6mA	1148	771	0.672	0.95	13	53.169	3	44.56
EcCa638b	4	4	No Motif Assigned	NA	6mA	NA	724	NA	0.94	NA	NA	NA	NA
EcCa638b	5	0	CCWGG	1-NNHNRCCWGGYNDNN	5mC	28274	9712	0.343	0.94	2	50.0	4	50.0
EcCa638b	6	1	No Motif Assigned	NA	5mC	NA	0	NA		NA	NA	NA	NA
EcCa639a	0	0	GATC	1-RHNVHGATCVNSVVN	6mA	43080	40092	0.931	0.96	3	50.0	2	50.0
EcCa639a	1	1	CTGCAG	2-NBNNBCTGCAGVNNVN	6mA	2798	1444	0.516	0.94	5	50.0	2	50.0
EcCa639a	2	2	CACNNNNNNRCTGG	3-CACSNNNNNRCTGG	6mA	711	526	0.74	0.95	12	49.448	2	49.309
EcCa639a	3	3	No Motif Assigned	NA	6mA	NA	1558	NA	0.94	NA	NA	NA	NA
EcCa639a	4	0	CCWGG	1-NNNNRCCWGGYNNNN	5mC	28278	8916	0.315	0.94	2	50.0	4	50.0
EcCa639a	5	1	No Motif Assigned	NA	5mC	NA	0	NA		NA	NA	NA	NA
EcCa639b	0	0	GATC	1-MVNNGATCNNNMNVN	6mA	43078	39364	0.914	0.96	2	50.0	3	50.0
EcCa639b	1	1	CTGCAG	2-NBNNBCTGCAGVNNVN	6mA	2796	1560	0.558	0.95	5	50.0	2	50.0
EcCa639b	2	2	CACNNNNNNRCTGG	3-CACSVNNNNRCTGG	6mA	711	518	0.729	0.96	12	50.698	2	48.045
EcCa639b	3	3	No Motif Assigned	NA	6mA	NA	1677	NA	0.95	NA	NA	NA	NA
EcCa639b	4	0	CCWGG	1-NNNNRCCWGGYNNNN	5mC	28280	9402	0.332	0.95	4	50.0	2	50.0
EcCa639b	5	1	No Motif Assigned	NA	5mC	NA	0	NA		NA	NA	NA	NA
EcCa639c	0	0	GATC	1-BVNBGATCHBNHNNN	6mA	43072	39786	0.924	0.96	2	50.0	3	50.0
EcCa639c	1	1	CTGCAG	3-BNNBCTGCAGVNNV	6mA	2798	1452	0.519	0.94	5	50.0	2	50.0
EcCa639c	2	2	CACNNNNNNNCTGG	4-CACSNNNNNRCTGG	6mA	1147	730	0.636	0.95	2	52.261	12	45.11
EcCa639c	3	3	GATCTGANA	5-GATCTGAAA	6mA	150	127	0.847	0.95	3	53.465	2	46.04
EcCa639c	4	4	No Motif Assigned	NA	6mA	NA	1413	NA	0.94	NA	NA	NA	NA
EcCa639c	5	0	CCWGG	1-NNNNRCCWGGYNNNN	5mC	28274	8916	0.315	0.94	4	50.0	2	50.0
EcCa639c	6	1	No Motif Assigned	NA	5mC	NA	0	NA		NA	NA	NA	NA
EcCa641a	0	0	GATC	1-VDBGATCWBNNNNNN	6mA	43322	40484	0.934	0.96	3	50.0	2	50.0
EcCa641a	1	1	GAAAKCC	2-BBGAAAKCCDBNNNN	6mA	2239	978	0.437	0.95	4	98.886	3	1.114
EcCa641a	2	2	CACNNNNNNNCTGG	3-CACSNHNNNRCTGG	6mA	1162	810	0.697	0.95	2	52.237	12	44.932
EcCa641a	3	3	CACNNGNNNNCTGG	4-CACCSGYNNRCTGG	6mA	219	150	0.685	0.95	2	56.122	12	42.857
EcCa641a	4	4	No Motif Assigned	NA	6mA	NA	679	NA	0.95	NA	NA	NA	NA
EcCa641a	5	0	CCWGG	1-NNNNRCCWGGYNNNN	5mC	28584	11124	0.389	0.94	4	50.0	2	50.0
EcCa641a	6	1	No Motif Assigned	NA	5mC	NA	0	NA		NA	NA	NA	NA
EcCa641b	0	0	GATC	1-MVVNGATCNNNMNNN	6mA	43322	42178	0.974	0.97	3	50.0	2	50.0
EcCa641b	1	1	GAAAKCC	2-BGAAAKCCDBNNNNN	6mA	2239	1151	0.514	0.95	4	99.396	3	0.604
EcCa641b	2	2	CACNNNNNNNCTGG	3-CACSNNNNNRCTGG	6mA	1162	873	0.751	0.95	2	53.082	12	44.035
EcCa641b	3	3	CNCTGGATCTGANW	4-CGCTGGATCTGAAW	6mA	10	10	1.0	0.97	7	52.632	8	47.368
EcCa641b	4	4	No Motif Assigned	NA	6mA	NA	773	NA	0.95	NA	NA	NA	NA
EcCa641b	5	0	CCWGG	1-NNNNRCCWGGYNNNN	5mC	28584	14952	0.523	0.95	2	50.0	4	50.0
EcCa641b	6	1	No Motif Assigned	NA	5mC	NA	0	NA		NA	NA	NA	NA
EcCa641c	0	0	GATC	1-DNVWGATCVHBVNNN	6mA	43322	41256	0.952	0.96	2	50.0	3	50.0
EcCa641c	1	1	CACNNNNNNNCTGG	3-CACSNNNNNRCTGG	6mA	1162	803	0.691	0.95	2	50.93	12	45.704
EcCa641c	2	2	No Motif Assigned	NA	6mA	NA	1637	NA	0.94	NA	NA	NA	NA
EcCa641c	3	0	CCWGG	1-NNNNRCCWGGYNNNN	5mC	28584	11072	0.387	0.94	2	50.0	4	50.0
EcCa641c	4	1	No Motif Assigned	NA	5mC	NA	0	NA		NA	NA	NA	NA
EcCa642a	0	0	GATC	1-BVDBGATCHBNHNNN	6mA	43076	39484	0.917	0.96	2	50.0	3	50.0
EcCa642a	1	1	CTGCAG	2-NBNNBCTGCAGVNNVN	6mA	2796	1522	0.544	0.95	5	50.0	2	50.0
EcCa642a	2	2	CACNNNNNNNCTGG	4-CACSNNNNNRCTGG	6mA	1148	737	0.642	0.95	2	53.044	12	44.169
EcCa642a	3	3	No Motif Assigned	NA	6mA	NA	1463	NA	0.95	NA	NA	NA	NA
EcCa642a	4	0	CCWGG	1-NNNNRCCWGGYNNNN	5mC	28274	9738	0.344	0.95	2	50.0	4	50.0
EcCa642a	5	1	No Motif Assigned	NA	5mC	NA	0	NA		NA	NA	NA	NA
EcCa642b	0	0	GATC	1-NNVNNGATCNNBNN	6mA	43076	39008	0.906	0.96	2	50.0	3	50.0
EcCa642b	1	1	CTGCAG	2-NNNNBCTGCAGVNNNN	6mA	2796	1492	0.534	0.94	2	50.0	5	50.0
EcCa642b	2	2	CCAGYNNNNNNGTG	4-CCAGYNNNNBSGTG	6mA	711	517	0.727	0.95	3	50.563	13	47.887
EcCa642b	3	3	No Motif Assigned	NA	6mA	NA	1534	NA	0.94	NA	NA	NA	NA
EcCa642b	4	0	CCWGG	1-NNHNRCCWGGYNDNN	5mC	28274	7768	0.275	0.94	4	50.0	2	50.0
EcCa642b	5	1	No Motif Assigned	NA	5mC	NA	0	NA		NA	NA	NA	NA
EcCa642c	0	0	GATC	1-NMWGATCSHBNNNNN	6mA	43076	41538	0.964	0.97	3	50.0	2	50.0
EcCa642c	1	1	CTGCAG	2-NNNNBCTGCAGVNNNN	6mA	2798	1810	0.647	0.95	2	50.0	5	50.0
EcCa642c	2	2	GAAAKCC	3-GAAAKCCDBBNBNDB	6mA	2202	1068	0.485	0.95	4	99.164	3	0.836
EcCa642c	3	3	CCAGNNNNNNNGTG	4-CCAGYNNNNNSGTG	6mA	1148	808	0.704	0.95	13	51.447	3	45.75
EcCa642c	4	4	No Motif Assigned	NA	6mA	NA	768	NA	0.95	NA	NA	NA	NA
EcCa642c	5	0	CCWGG	1-NNHNRCCWGGYNDNN	5mC	28274	15110	0.534	0.95	2	50.0	4	50.0
EcCa642c	6	1	No Motif Assigned	NA	5mC	NA	0	NA		NA	NA	NA	NA
EcCa642d	0	0	GATC	1-HRNYGATCHNVHNNN	6mA	43070	39268	0.912	0.96	2	50.0	3	50.0
EcCa642d	1	1	CTGCAG	2-SNNBCTGCAGVNNS	6mA	2792	1528	0.547	0.95	5	50.0	2	50.0
EcCa642d	2	2	CACNNNNNNRCTGG	4-CACSNHNNNRCTGG	6mA	711	524	0.737	0.95	12	50.763	2	48.128
EcCa642d	3	3	No Motif Assigned	NA	6mA	NA	1663	NA	0.95	NA	NA	NA	NA
EcCa642d	4	0	CCWGG	1-NNNNRCCWGGYNNNN	5mC	28276	9580	0.339	0.95	4	50.0	2	50.0
EcCa642d	5	1	No Motif Assigned	NA	5mC	NA	0	NA		NA	NA	NA	NA
EcCa643a	0	0	GATC	1-MVVNGATCNNNMNVN	6mA	43320	38226	0.882	0.97	3	50.0	2	50.0
EcCa643a	1	1	CACNNNNNNNCTGG	3-CACSNNNNNRCTGG	6mA	1162	794	0.683	0.96	12	49.584	2	48.107
EcCa643a	2	2	No Motif Assigned	NA	6mA	NA	1715	NA	0.95	NA	NA	NA	NA
EcCa643a	3	0	CCWGG	1-NNNNRCCWGGYNNNN	5mC	28584	8496	0.297	0.95	2	50.0	4	50.0
EcCa643a	4	1	No Motif Assigned	NA	5mC	NA	0	NA		NA	NA	NA	NA
EcCa643b	0	0	GATC	1-MVVNGATCNNNMNVN	6mA	43324	38248	0.883	0.97	2	50.0	3	50.0
EcCa643b	1	1	GAAAKCC	2-BGAAAKCCDBNNNNN	6mA	2237	931	0.416	0.95	4	98.203	3	1.797
EcCa643b	2	2	CCAGNNNNNNNGTG	3-CCAGYNNNNNSGTG	6mA	1161	790	0.68	0.95	3	49.668	13	47.863
EcCa643b	3	3	No Motif Assigned	NA	6mA	NA	760	NA	0.95	NA	NA	NA	NA
EcCa643b	4	0	CCWGG	1-NNNNRCCWGGYNNNN	5mC	28584	8508	0.298	0.95	2	50.0	4	50.0
EcCa643b	5	1	No Motif Assigned	NA	5mC	NA	0	NA		NA	NA	NA	NA
EcCa643c	0	0	GATC	1-NVNBGATCDSNNNVN	6mA	43104	29888	0.693	0.97	2	50.0	3	50.0
EcCa643c	1	1	CTGCAG	3-NNNNBCTGCAGVNNNN	6mA	2790	1210	0.434	0.96	5	50.0	2	50.0
EcCa643c	2	2	CCAGNNNNNNNGTG	4-CCAGYNNYDNSGTG	6mA	1145	614	0.536	0.96	13	49.804	3	47.458
EcCa643c	3	3	No Motif Assigned	NA	6mA	NA	1255	NA	0.95	NA	NA	NA	NA
EcCa643c	4	0	CCWGG	1-NNNNRCCWGGYNNNN	5mC	28288	8824	0.312	0.95	4	50.0	2	50.0
EcCa643c	5	1	No Motif Assigned	NA	5mC	NA	0	NA		NA	NA	NA	NA
EcCa644a	0	0	GATC	1-NRNYGATCHBNHNNN	6mA	43860	9576	0.218	0.97	2	50.0	3	50.0
EcCa644a	1	1	No Motif Assigned	NA	6mA	NA	414	NA	0.95	NA	NA	NA	NA
EcCa644a	2	0	CCWGG	1-NNNNDCCWGGHNNNN	5mC	28928	2850	0.099	0.95	2	50.0	4	50.0
EcCa644a	3	1	No Motif Assigned	NA	5mC	NA	0	NA		NA	NA	NA	NA
EcCa644b	0	0	GATC	1-VMWGATCSHNNNNNN	6mA	43292	35118	0.811	0.97	3	50.0	2	50.0
EcCa644b	1	1	GAAAKCC	2-NBGAAAKCCDBNNNN	6mA	2235	781	0.349	0.96	4	97.987	3	2.013
EcCa644b	2	2	CACNNNNNNNCTGG	5-NCACCDNNNNRCTGG	6mA	1158	701	0.605	0.96	2	50.778	12	46.222
EcCa644b	3	3	CCAGNRNNKNNGTG	4-CCAGCRNYKNCGTG	6mA	289	170	0.588	0.96	13	55.814	3	43.256
EcCa644b	4	4	AAAGATCTGAW	6-AAAAGATCTGAW	6mA	28	22	0.786	0.96	6	50.0	5	41.176
EcCa644b	5	5	No Motif Assigned	NA	6mA	NA	523	NA	0.95	NA	NA	NA	NA
EcCa644b	6	0	CCWGG	1-NNNNRCCWGGYNNNN	5mC	28532	11750	0.412	0.95	4	50.0	2	50.0
EcCa644b	7	1	No Motif Assigned	NA	5mC	NA	0	NA		NA	NA	NA	NA
EcCa644c	0	0	GATC	1-SNSGATCDNYNNVNN	6mA	43316	39704	0.917	0.96	3	50.0	2	50.0
EcCa644c	1	1	GAAAKCC	2-NBGAAAKCCDBNNNN	6mA	2237	921	0.412	0.95	4	98.285	3	1.715
EcCa644c	2	2	CACNNNNNNNCTGG	3-CACSNHNNNRCTGG	6mA	1162	806	0.694	0.95	2	49.142	12	48.058
EcCa644c	3	3	No Motif Assigned	NA	6mA	NA	763	NA	0.95	NA	NA	NA	NA
EcCa644c	4	0	CCWGG	1-NNNNRCCWGGYNNNN	5mC	28578	8820	0.309	0.95	2	50.0	4	50.0
EcCa644c	5	1	No Motif Assigned	NA	5mC	NA	0	NA		NA	NA	NA	NA
EcCa645a	0	0	GATC	1-BRNBGATCNBNHNNN	6mA	43162	38612	0.895	0.97	2	50.0	3	50.0
EcCa645a	1	1	CTGCAG	2-HBNNBCTGCAGVNNVD	6mA	2770	1678	0.606	0.95	5	50.0	2	50.0
EcCa645a	2	2	CACNNNNNNNCTGG	4-CACSVNNNNRCTGG	6mA	1143	773	0.676	0.96	2	48.928	12	48.83
EcCa645a	3	3	No Motif Assigned	NA	6mA	NA	1670	NA	0.95	NA	NA	NA	NA
EcCa645a	4	0	CCWGG	1-NNNNRCCWGGYNNNN	5mC	28326	8898	0.314	0.95	4	50.0	2	50.0
EcCa645a	5	1	No Motif Assigned	NA	5mC	NA	0	NA		NA	NA	NA	NA
EcCa645b	0	0	GATC	1-BVNSGATCHBNHNNN	6mA	43152	38382	0.889	0.96	2	50.0	3	50.0
EcCa645b	1	1	CTGCAG	2-NNNNBCTGCAGVNNNN	6mA	2770	1674	0.604	0.95	5	50.0	2	50.0
EcCa645b	2	2	CACSNNNNNNCTGG	4-CACSVNNNNRCTGG	6mA	746	531	0.712	0.95	12	49.931	2	47.165
EcCa645b	3	3	No Motif Assigned	NA	6mA	NA	1784	NA	0.95	NA	NA	NA	NA
EcCa645b	4	0	CCWGG	1-NNNNRCCWGGYNNNN	5mC	28324	8524	0.301	0.95	4	50.0	2	50.0
EcCa645b	5	1	No Motif Assigned	NA	5mC	NA	0	NA		NA	NA	NA	NA
EcCa645c	0	0	GATC	1-NNVNNGATCNNBNN	6mA	43164	38854	0.9	0.97	2	50.0	3	50.0
EcCa645c	1	1	CTGCAG	2-NNNNBCTGCAGVNNNN	6mA	2764	1662	0.601	0.95	2	50.0	5	50.0
EcCa645c	2	2	GAAAKCC	4-GAAAKCCDBNNNNNN	6mA	2205	927	0.42	0.95	4	98.825	3	1.175
EcCa645c	3	3	CACNNNNNNNCTGG	3-CACCDNNNNRCTGG	6mA	1144	792	0.692	0.96	2	50.047	12	48.071
EcCa645c	4	4	No Motif Assigned	NA	6mA	NA	745	NA	0.95	NA	NA	NA	NA
EcCa645c	5	0	CCWGG	1-NNNNRCCWGGYNNNN	5mC	28328	8788	0.31	0.95	2	50.0	4	50.0
EcCa645c	6	1	No Motif Assigned	NA	5mC	NA	0	NA		NA	NA	NA	NA
EcCa646a	0	0	GATC	1-BRNYGATCNBVHNVN	6mA	43158	37688	0.873	0.96	3	50.0	2	50.0
EcCa646a	1	1	CTGCAG	2-WNNNBCTGCAGVNNNW	6mA	2770	1660	0.599	0.95	2	50.0	5	50.0
EcCa646a	2	2	CCAGYNNNNNNGTG	3-CCAGYNNNNNSGTG	6mA	709	523	0.738	0.96	3	51.841	13	47.167
EcCa646a	3	3	No Motif Assigned	NA	6mA	NA	1734	NA	0.95	NA	NA	NA	NA
EcCa646a	4	0	CCWGG	1-NNHNRCCWGGYNDNN	5mC	28324	7762	0.274	0.95	4	50.0	2	50.0
EcCa646a	5	1	No Motif Assigned	NA	5mC	NA	0	NA		NA	NA	NA	NA
EcCa646b	0	0	GATC	1-NSCWGATCSHNNNNN	6mA	43168	39208	0.908	0.97	2	50.0	3	50.0
EcCa646b	1	1	CTGCAG	2-WNNNBCTGCAGVNNNW	6mA	2762	1702	0.616	0.95	5	50.0	2	50.0
EcCa646b	2	2	GAAAKCC	3-GAAAKCCDBNNNNNN	6mA	2208	906	0.41	0.95	4	98.906	3	1.094
EcCa646b	3	3	CACSNNNNNNCTGG	4-CACSNNNNNGCTGG	6mA	745	531	0.713	0.96	12	48.813	2	47.625
EcCa646b	4	4	CAGATCTG	6-CAGATCTG	6mA	128	110	0.859	0.96	4	48.78	5	48.78
EcCa646b	5	5	CACSNNNNNTCTGG	5-CACSVHDNNTCTGG	6mA	155	105	0.677	0.96	2	47.619	12	44.218
EcCa646b	6	6	No Motif Assigned	NA	6mA	NA	899	NA	0.95	NA	NA	NA	NA
EcCa646b	7	0	CCWGG	1-NNNNRCCWGGYNNNN	5mC	28334	8694	0.307	0.95	4	50.0	2	50.0
EcCa646b	8	1	No Motif Assigned	NA	5mC	NA	0	NA		NA	NA	NA	NA
EcCa646c	0	0	GATC	1-BVDBGATCHBNHNNN	6mA	43164	38202	0.885	0.96	2	50.0	3	50.0
EcCa646c	1	1	CTGCAG	2-NNNBCTGCAGVNNN	6mA	2770	1710	0.617	0.95	2	50.0	5	50.0
EcCa646c	2	2	CACSNNNNNNCTGG	4-CACSVNNNNRCTGG	6mA	745	519	0.697	0.96	12	49.577	2	47.042
EcCa646c	3	3	No Motif Assigned	NA	6mA	NA	1788	NA	0.95	NA	NA	NA	NA
EcCa646c	4	0	CCWGG	1-NNNNRCCWGGYNNNN	5mC	28326	8172	0.288	0.95	2	50.0	4	50.0
EcCa646c	5	1	No Motif Assigned	NA	5mC	NA	0	NA		NA	NA	NA	NA
EcCa646d_comb	0	0	GATC	1-NNVNNGATCNNBNN	6mA	43164	42140	0.976	0.97	2	50.0	3	50.0
EcCa646d_comb	1	1	CTGCAG	2-BNNBCTGCAGVNNV	6mA	2772	1736	0.626	0.95	5	50.0	2	50.0
EcCa646d_comb	2	2	GAAAKCC	3-GAAAKCCDBNNNNNN	6mA	2205	1091	0.495	0.95	4	99.272	3	0.728
EcCa646d_comb	3	3	CACNNNNNNNCTGG	4-CACSNNNNNRCTGG	6mA	1145	838	0.732	0.95	2	53.434	12	43.97
EcCa646d_comb	4	4	No Motif Assigned	NA	6mA	NA	737	NA	0.94	NA	NA	NA	NA
EcCa646d_comb	5	0	CCWGG	1-NNHNRCCWGGYNDNN	5mC	28326	15112	0.534	0.94	2	50.0	4	50.0
EcCa646d_comb	6	1	No Motif Assigned	NA	5mC	NA	0	NA		NA	NA	NA	NA
EcCa647a	0	0	GATC	1-NNSHGATCVHBVNNN	6mA	43166	37840	0.877	0.97	2	50.0	3	50.0
EcCa647a	1	1	CTGCAG	2-BNNBCTGCAGVNNV	6mA	2772	1580	0.57	0.96	5	50.0	2	50.0
EcCa647a	2	2	GAAAKCC	3-SBGAAAKCCDBNNNN	6mA	2206	881	0.399	0.96	4	98.647	3	1.353
EcCa647a	3	3	CACNNNNNNNCTGG	4-CACSVNNNNRCTGG	6mA	1144	757	0.662	0.96	12	49.406	2	48.218
EcCa647a	4	4	No Motif Assigned	NA	6mA	NA	739	NA	0.95	NA	NA	NA	NA
EcCa647a	5	0	CCWGG	1-NNNNRCCWGGYNNNN	5mC	28326	8250	0.291	0.95	2	50.0	4	50.0
EcCa647a	6	1	No Motif Assigned	NA	5mC	NA	0	NA		NA	NA	NA	NA
EcCa647b	0	0	GATC	1-SMDGATCGHBNNBNN	6mA	43164	38540	0.893	0.97	3	50.0	2	50.0
EcCa647b	1	1	CTGCAG	2-WNNNBCTGCAGVNNNW	6mA	2768	1720	0.621	0.95	2	50.0	5	50.0
EcCa647b	2	2	GAAAKCC	3-GAAAKCCDBNNNNNN	6mA	2205	888	0.403	0.95	4	98.448	3	1.552
EcCa647b	3	3	CCAGNNNNNNNGTG	4-CCAGYDNNNBSGTG	6mA	1143	763	0.668	0.96	13	48.915	3	48.718
EcCa647b	4	4	CACNNNNYGRCTGG	5-CACNNWSYGRCTGG	6mA	117	86	0.735	0.96	2	51.969	12	48.031
EcCa647b	5	5	No Motif Assigned	NA	6mA	NA	654	NA	0.95	NA	NA	NA	NA
EcCa647b	6	0	CCWGG	1-NNNNRCCWGGYNNNN	5mC	28324	8732	0.308	0.95	2	50.0	4	50.0
EcCa647b	7	1	No Motif Assigned	NA	5mC	NA	0	NA		NA	NA	NA	NA
EcCa647c	0	0	GATC	1-DNSHGATCVHBVNNN	6mA	43742	33996	0.777	0.97	3	50.0	2	50.0
EcCa647c	1	1	CTGCAG	2-HNNNBCTGCAGVNNND	6mA	2866	1374	0.479	0.95	5	50.0	2	50.0
EcCa647c	2	2	CCAGNNNNNNNGTG	4-CCAGYNNNNNSGTG	6mA	1167	636	0.545	0.95	13	50.75	3	46.75
EcCa647c	3	3	No Motif Assigned	NA	6mA	NA	1378	NA	0.95	NA	NA	NA	NA
EcCa647c	4	0	CCWGG	1-NNNNRCCWGGYNNNN	5mC	28804	8514	0.296	0.95	4	50.0	2	50.0
EcCa647c	5	1	No Motif Assigned	NA	5mC	NA	0	NA		NA	NA	NA	NA
EcCa647d	0	0	GATC	1-NNVNNGATCNNBNN	6mA	43164	39080	0.905	0.95	2	50.0	3	50.0
EcCa647d	1	1	CTGCAG	2-NBNNBCTGCAGVNNVN	6mA	2772	1464	0.528	0.94	5	50.0	2	50.0
EcCa647d	2	2	CCAGNNNNNNNGTG	4-CCAGCNNNNBSGTG	6mA	1145	689	0.602	0.95	13	49.614	3	47.74
EcCa647d	3	3	CACNNNNNNACTGG	5-CACBVYBNVACTGG	6mA	258	190	0.736	0.94	12	56.855	2	42.742
EcCa647d	4	4	No Motif Assigned	NA	6mA	NA	1262	NA	0.94	NA	NA	NA	NA
EcCa647d	5	0	CCWGG	1-NNNNRCCWGGYNNNN	5mC	28326	7956	0.281	0.94	4	50.0	2	50.0
EcCa647d	6	1	No Motif Assigned	NA	5mC	NA	0	NA		NA	NA	NA	NA
