"Motif","family_id","family_label","family_short"
"GATC",1,"GATC","GATC (+0 variants)"
"CACNNNNNNNCTGG",2,"CACNCNNNNNCTGG / CACNNGNNNNCTGG / CACNNGYNNNCTGG / CACNNNANNNCTGG / CACNNNNNNACTGG / CACNNNNNNNCTGG / CACNNNNNNRCTGG / CACNNNNSNNCTGG / CACNNNNYGRCTGG / CACNSGYRNNCTGG / CACSCNNNNNCTGG / CACSNNNNNNCTGG / CACSNNNNNRCTGG / CACSNNNNNTCTGG / CACTKYNNNRCTGG / CCAGCNNNNNNGTG / CCAGNNGNNNNGTG / CCAGNNNNNNNGTG / CCAGNNNNNNSGTG / CCAGNRNNKNNGTG / CCAGYNNNNNNGTG","CACNCNNNNNCTGG (+20 variants)"
"CCWGG",3,"CCTGG / CCWGG","CCTGG (+1 variants)"
"RCGRYCGY",4,"RCGGTCGY / RCGRYCGY","RCGGTCGY (+1 variants)"
"GAAAKCC",5,"GAAAKCC / GAAANCC","GAAAKCC (+1 variants)"
"CACSNNNNNRCTGG",2,"CACNCNNNNNCTGG / CACNNGNNNNCTGG / CACNNGYNNNCTGG / CACNNNANNNCTGG / CACNNNNNNACTGG / CACNNNNNNNCTGG / CACNNNNNNRCTGG / CACNNNNSNNCTGG / CACNNNNYGRCTGG / CACNSGYRNNCTGG / CACSCNNNNNCTGG / CACSNNNNNNCTGG / CACSNNNNNRCTGG / CACSNNNNNTCTGG / CACTKYNNNRCTGG / CCAGCNNNNNNGTG / CCAGNNGNNNNGTG / CCAGNNNNNNNGTG / CCAGNNNNNNSGTG / CCAGNRNNKNNGTG / CCAGYNNNNNNGTG","CACNCNNNNNCTGG (+20 variants)"
"CACTKYNNNRCTGG",2,"CACNCNNNNNCTGG / CACNNGNNNNCTGG / CACNNGYNNNCTGG / CACNNNANNNCTGG / CACNNNNNNACTGG / CACNNNNNNNCTGG / CACNNNNNNRCTGG / CACNNNNSNNCTGG / CACNNNNYGRCTGG / CACNSGYRNNCTGG / CACSCNNNNNCTGG / CACSNNNNNNCTGG / CACSNNNNNRCTGG / CACSNNNNNTCTGG / CACTKYNNNRCTGG / CCAGCNNNNNNGTG / CCAGNNGNNNNGTG / CCAGNNNNNNNGTG / CCAGNNNNNNSGTG / CCAGNRNNKNNGTG / CCAGYNNNNNNGTG","CACNCNNNNNCTGG (+20 variants)"
"CGRYCG",8,"CGGTCG / CGRYCG","CGGTCG (+1 variants)"
"CCAGNNNNNNNGTG",2,"CACNCNNNNNCTGG / CACNNGNNNNCTGG / CACNNGYNNNCTGG / CACNNNANNNCTGG / CACNNNNNNACTGG / CACNNNNNNNCTGG / CACNNNNNNRCTGG / CACNNNNSNNCTGG / CACNNNNYGRCTGG / CACNSGYRNNCTGG / CACSCNNNNNCTGG / CACSNNNNNNCTGG / CACSNNNNNRCTGG / CACSNNNNNTCTGG / CACTKYNNNRCTGG / CCAGCNNNNNNGTG / CCAGNNGNNNNGTG / CCAGNNNNNNNGTG / CCAGNNNNNNSGTG / CCAGNRNNKNNGTG / CCAGYNNNNNNGTG","CACNCNNNNNCTGG (+20 variants)"
"RCGACCG",10,"RCGACCG","RCGACCG (+0 variants)"
"CGGTCGATNNC",11,"CGGTCGATNNC","CGGTCGATNNC (+0 variants)"
"CACNNNNNNRCTGG",2,"CACNCNNNNNCTGG / CACNNGNNNNCTGG / CACNNGYNNNCTGG / CACNNNANNNCTGG / CACNNNNNNACTGG / CACNNNNNNNCTGG / CACNNNNNNRCTGG / CACNNNNSNNCTGG / CACNNNNYGRCTGG / CACNSGYRNNCTGG / CACSCNNNNNCTGG / CACSNNNNNNCTGG / CACSNNNNNRCTGG / CACSNNNNNTCTGG / CACTKYNNNRCTGG / CCAGCNNNNNNGTG / CCAGNNGNNNNGTG / CCAGNNNNNNNGTG / CCAGNNNNNNSGTG / CCAGNRNNKNNGTG / CCAGYNNNNNNGTG","CACNCNNNNNCTGG (+20 variants)"
"TCTGCGGCCGC",13,"TCTGCGGCCGC","TCTGCGGCCGC (+0 variants)"
"RCGGTCGY",4,"RCGGTCGY / RCGRYCGY","RCGGTCGY (+1 variants)"
"CACNNNNNNRCTG",15,"CACNNNNNNNCTG / CACNNNNNNRCTG","CACNNNNNNNCTG (+1 variants)"
"CCAGYNNNNNNGTG",2,"CACNCNNNNNCTGG / CACNNGNNNNCTGG / CACNNGYNNNCTGG / CACNNNANNNCTGG / CACNNNNNNACTGG / CACNNNNNNNCTGG / CACNNNNNNRCTGG / CACNNNNSNNCTGG / CACNNNNYGRCTGG / CACNSGYRNNCTGG / CACSCNNNNNCTGG / CACSNNNNNNCTGG / CACSNNNNNRCTGG / CACSNNNNNTCTGG / CACTKYNNNRCTGG / CCAGCNNNNNNGTG / CCAGNNGNNNNGTG / CCAGNNNNNNNGTG / CCAGNNNNNNSGTG / CCAGNRNNKNNGTG / CCAGYNNNNNNGTG","CACNCNNNNNCTGG (+20 variants)"
"CACNNNANNNCTGG",2,"CACNCNNNNNCTGG / CACNNGNNNNCTGG / CACNNGYNNNCTGG / CACNNNANNNCTGG / CACNNNNNNACTGG / CACNNNNNNNCTGG / CACNNNNNNRCTGG / CACNNNNSNNCTGG / CACNNNNYGRCTGG / CACNSGYRNNCTGG / CACSCNNNNNCTGG / CACSNNNNNNCTGG / CACSNNNNNRCTGG / CACSNNNNNTCTGG / CACTKYNNNRCTGG / CCAGCNNNNNNGTG / CCAGNNGNNNNGTG / CCAGNNNNNNNGTG / CCAGNNNNNNSGTG / CCAGNRNNKNNGTG / CCAGYNNNNNNGTG","CACNCNNNNNCTGG (+20 variants)"
"CGGTCG",8,"CGGTCG / CGRYCG","CGGTCG (+1 variants)"
"CCAGNNGNNNNGTG",2,"CACNCNNNNNCTGG / CACNNGNNNNCTGG / CACNNGYNNNCTGG / CACNNNANNNCTGG / CACNNNNNNACTGG / CACNNNNNNNCTGG / CACNNNNNNRCTGG / CACNNNNSNNCTGG / CACNNNNYGRCTGG / CACNSGYRNNCTGG / CACSCNNNNNCTGG / CACSNNNNNNCTGG / CACSNNNNNRCTGG / CACSNNNNNTCTGG / CACTKYNNNRCTGG / CCAGCNNNNNNGTG / CCAGNNGNNNNGTG / CCAGNNNNNNNGTG / CCAGNNNNNNSGTG / CCAGNRNNKNNGTG / CCAGYNNNNNNGTG","CACNCNNNNNCTGG (+20 variants)"
"CACNNNNNNNCTG",15,"CACNNNNNNNCTG / CACNNNNNNRCTG","CACNNNNNNNCTG (+1 variants)"
"CACSCNNNNNCTGG",2,"CACNCNNNNNCTGG / CACNNGNNNNCTGG / CACNNGYNNNCTGG / CACNNNANNNCTGG / CACNNNNNNACTGG / CACNNNNNNNCTGG / CACNNNNNNRCTGG / CACNNNNSNNCTGG / CACNNNNYGRCTGG / CACNSGYRNNCTGG / CACSCNNNNNCTGG / CACSNNNNNNCTGG / CACSNNNNNRCTGG / CACSNNNNNTCTGG / CACTKYNNNRCTGG / CCAGCNNNNNNGTG / CCAGNNGNNNNGTG / CCAGNNNNNNNGTG / CCAGNNNNNNSGTG / CCAGNRNNKNNGTG / CCAGYNNNNNNGTG","CACNCNNNNNCTGG (+20 variants)"
"CGGTCGAT",22,"CGGTCGAT / MTCGACCG","CGGTCGAT (+1 variants)"
"GCGGTCGA",23,"GCGGTCGA","GCGGTCGA (+0 variants)"
"GATCTGAAAA",24,"GATCTGAAAA","GATCTGAAAA (+0 variants)"
"RRCGGTCGATNR",25,"RRCGGTCGATNR","RRCGGTCGATNR (+0 variants)"
"CGGTCGANMA",26,"CGGTCGANMA","CGGTCGANMA (+0 variants)"
"CCTGG",3,"CCTGG / CCWGG","CCTGG (+1 variants)"
"RCGGTCG",28,"CGACCGY / RCGGTCG","CGACCGY (+1 variants)"
"GATCTGAAA",29,"GATCTGAAA / GATCTGANA","GATCTGAAA (+1 variants)"
"RNCGGTCGKGCGNY",30,"RNCGGTCGKGCGNY","RNCGGTCGKGCGNY (+0 variants)"
"CTGCAG",31,"CTGCAG","CTGCAG (+0 variants)"
"CACSNNNNNNCTGG",2,"CACNCNNNNNCTGG / CACNNGNNNNCTGG / CACNNGYNNNCTGG / CACNNNANNNCTGG / CACNNNNNNACTGG / CACNNNNNNNCTGG / CACNNNNNNRCTGG / CACNNNNSNNCTGG / CACNNNNYGRCTGG / CACNSGYRNNCTGG / CACSCNNNNNCTGG / CACSNNNNNNCTGG / CACSNNNNNRCTGG / CACSNNNNNTCTGG / CACTKYNNNRCTGG / CCAGCNNNNNNGTG / CCAGNNGNNNNGTG / CCAGNNNNNNNGTG / CCAGNNNNNNSGTG / CCAGNRNNKNNGTG / CCAGYNNNNNNGTG","CACNCNNNNNCTGG (+20 variants)"
"CACNNGNNNNCTGG",2,"CACNCNNNNNCTGG / CACNNGNNNNCTGG / CACNNGYNNNCTGG / CACNNNANNNCTGG / CACNNNNNNACTGG / CACNNNNNNNCTGG / CACNNNNNNRCTGG / CACNNNNSNNCTGG / CACNNNNYGRCTGG / CACNSGYRNNCTGG / CACSCNNNNNCTGG / CACSNNNNNNCTGG / CACSNNNNNRCTGG / CACSNNNNNTCTGG / CACTKYNNNRCTGG / CCAGCNNNNNNGTG / CCAGNNGNNNNGTG / CCAGNNNNNNNGTG / CCAGNNNNNNSGTG / CCAGNRNNKNNGTG / CCAGYNNNNNNGTG","CACNCNNNNNCTGG (+20 variants)"
"CCAGNNNNNNSGTG",2,"CACNCNNNNNCTGG / CACNNGNNNNCTGG / CACNNGYNNNCTGG / CACNNNANNNCTGG / CACNNNNNNACTGG / CACNNNNNNNCTGG / CACNNNNNNRCTGG / CACNNNNSNNCTGG / CACNNNNYGRCTGG / CACNSGYRNNCTGG / CACSCNNNNNCTGG / CACSNNNNNNCTGG / CACSNNNNNRCTGG / CACSNNNNNTCTGG / CACTKYNNNRCTGG / CCAGCNNNNNNGTG / CCAGNNGNNNNGTG / CCAGNNNNNNNGTG / CCAGNNNNNNSGTG / CCAGNRNNKNNGTG / CCAGYNNNNNNGTG","CACNCNNNNNCTGG (+20 variants)"
"CACNCNNNNNCTGG",2,"CACNCNNNNNCTGG / CACNNGNNNNCTGG / CACNNGYNNNCTGG / CACNNNANNNCTGG / CACNNNNNNACTGG / CACNNNNNNNCTGG / CACNNNNNNRCTGG / CACNNNNSNNCTGG / CACNNNNYGRCTGG / CACNSGYRNNCTGG / CACSCNNNNNCTGG / CACSNNNNNNCTGG / CACSNNNNNRCTGG / CACSNNNNNTCTGG / CACTKYNNNRCTGG / CCAGCNNNNNNGTG / CCAGNNGNNNNGTG / CCAGNNNNNNNGTG / CCAGNNNNNNSGTG / CCAGNRNNKNNGTG / CCAGYNNNNNNGTG","CACNCNNNNNCTGG (+20 variants)"
"CACNSGYRNNCTGG",2,"CACNCNNNNNCTGG / CACNNGNNNNCTGG / CACNNGYNNNCTGG / CACNNNANNNCTGG / CACNNNNNNACTGG / CACNNNNNNNCTGG / CACNNNNNNRCTGG / CACNNNNSNNCTGG / CACNNNNYGRCTGG / CACNSGYRNNCTGG / CACSCNNNNNCTGG / CACSNNNNNNCTGG / CACSNNNNNRCTGG / CACSNNNNNTCTGG / CACTKYNNNRCTGG / CCAGCNNNNNNGTG / CCAGNNGNNNNGTG / CCAGNNNNNNNGTG / CCAGNNNNNNSGTG / CCAGNRNNKNNGTG / CCAGYNNNNNNGTG","CACNCNNNNNCTGG (+20 variants)"
"TKGATCMA",37,"TKGATCMA","TKGATCMA (+0 variants)"
"CWGATCWG",38,"CAGATCTG / CWGATCWG","CAGATCTG (+1 variants)"
"CGACCGNNR",39,"CGACCGNNR / CGRCSGYCG / CRNCGGTCG","CGACCGNNR (+2 variants)"
"CCAGCNNNNNNGTG",2,"CACNCNNNNNCTGG / CACNNGNNNNCTGG / CACNNGYNNNCTGG / CACNNNANNNCTGG / CACNNNNNNACTGG / CACNNNNNNNCTGG / CACNNNNNNRCTGG / CACNNNNSNNCTGG / CACNNNNYGRCTGG / CACNSGYRNNCTGG / CACSCNNNNNCTGG / CACSNNNNNNCTGG / CACSNNNNNRCTGG / CACSNNNNNTCTGG / CACTKYNNNRCTGG / CCAGCNNNNNNGTG / CCAGNNGNNNNGTG / CCAGNNNNNNNGTG / CCAGNNNNNNSGTG / CCAGNRNNKNNGTG / CCAGYNNNNNNGTG","CACNCNNNNNCTGG (+20 variants)"
"CGACCGY",28,"CGACCGY / RCGGTCG","CGACCGY (+1 variants)"
"CACNNGYNNNCTGG",2,"CACNCNNNNNCTGG / CACNNGNNNNCTGG / CACNNGYNNNCTGG / CACNNNANNNCTGG / CACNNNNNNACTGG / CACNNNNNNNCTGG / CACNNNNNNRCTGG / CACNNNNSNNCTGG / CACNNNNYGRCTGG / CACNSGYRNNCTGG / CACSCNNNNNCTGG / CACSNNNNNNCTGG / CACSNNNNNRCTGG / CACSNNNNNTCTGG / CACTKYNNNRCTGG / CCAGCNNNNNNGTG / CCAGNNGNNNNGTG / CCAGNNNNNNNGTG / CCAGNNNNNNSGTG / CCAGNRNNKNNGTG / CCAGYNNNNNNGTG","CACNCNNNNNCTGG (+20 variants)"
"CGRCSGYCG",39,"CGACCGNNR / CGRCSGYCG / CRNCGGTCG","CGACCGNNR (+2 variants)"
"GCGGTCGCA",44,"GCGGTCGCA","GCGGTCGCA (+0 variants)"
"MTCGACCG",22,"CGGTCGAT / MTCGACCG","CGGTCGAT (+1 variants)"
"CRNCGGTCG",39,"CGACCGNNR / CGRCSGYCG / CRNCGGTCG","CGACCGNNR (+2 variants)"
"GAAAKCCNNNNNY",47,"GAAAKCCNNNNNY","GAAAKCCNNNNNY (+0 variants)"
"CGACCGGC",48,"CGACCGGC","CGACCGGC (+0 variants)"
"CGACCGCGC",49,"CGACCGCGC","CGACCGCGC (+0 variants)"
"CACNNNNSNNCTGG",2,"CACNCNNNNNCTGG / CACNNGNNNNCTGG / CACNNGYNNNCTGG / CACNNNANNNCTGG / CACNNNNNNACTGG / CACNNNNNNNCTGG / CACNNNNNNRCTGG / CACNNNNSNNCTGG / CACNNNNYGRCTGG / CACNSGYRNNCTGG / CACSCNNNNNCTGG / CACSNNNNNNCTGG / CACSNNNNNRCTGG / CACSNNNNNTCTGG / CACTKYNNNRCTGG / CCAGCNNNNNNGTG / CCAGNNGNNNNGTG / CCAGNNNNNNNGTG / CCAGNNNNNNSGTG / CCAGNRNNKNNGTG / CCAGYNNNNNNGTG","CACNCNNNNNCTGG (+20 variants)"
"GAAANCC",5,"GAAAKCC / GAAANCC","GAAAKCC (+1 variants)"
"GATCTGANA",29,"GATCTGAAA / GATCTGANA","GATCTGAAA (+1 variants)"
"CNCTGGATCTGANW",53,"CNCTGGATCTGANW","CNCTGGATCTGANW (+0 variants)"
"CCAGNRNNKNNGTG",2,"CACNCNNNNNCTGG / CACNNGNNNNCTGG / CACNNGYNNNCTGG / CACNNNANNNCTGG / CACNNNNNNACTGG / CACNNNNNNNCTGG / CACNNNNNNRCTGG / CACNNNNSNNCTGG / CACNNNNYGRCTGG / CACNSGYRNNCTGG / CACSCNNNNNCTGG / CACSNNNNNNCTGG / CACSNNNNNRCTGG / CACSNNNNNTCTGG / CACTKYNNNRCTGG / CCAGCNNNNNNGTG / CCAGNNGNNNNGTG / CCAGNNNNNNNGTG / CCAGNNNNNNSGTG / CCAGNRNNKNNGTG / CCAGYNNNNNNGTG","CACNCNNNNNCTGG (+20 variants)"
"AAAGATCTGAW",55,"AAAGATCTGAW","AAAGATCTGAW (+0 variants)"
"CAGATCTG",38,"CAGATCTG / CWGATCWG","CAGATCTG (+1 variants)"
"CACSNNNNNTCTGG",2,"CACNCNNNNNCTGG / CACNNGNNNNCTGG / CACNNGYNNNCTGG / CACNNNANNNCTGG / CACNNNNNNACTGG / CACNNNNNNNCTGG / CACNNNNNNRCTGG / CACNNNNSNNCTGG / CACNNNNYGRCTGG / CACNSGYRNNCTGG / CACSCNNNNNCTGG / CACSNNNNNNCTGG / CACSNNNNNRCTGG / CACSNNNNNTCTGG / CACTKYNNNRCTGG / CCAGCNNNNNNGTG / CCAGNNGNNNNGTG / CCAGNNNNNNNGTG / CCAGNNNNNNSGTG / CCAGNRNNKNNGTG / CCAGYNNNNNNGTG","CACNCNNNNNCTGG (+20 variants)"
"CACNNNNYGRCTGG",2,"CACNCNNNNNCTGG / CACNNGNNNNCTGG / CACNNGYNNNCTGG / CACNNNANNNCTGG / CACNNNNNNACTGG / CACNNNNNNNCTGG / CACNNNNNNRCTGG / CACNNNNSNNCTGG / CACNNNNYGRCTGG / CACNSGYRNNCTGG / CACSCNNNNNCTGG / CACSNNNNNNCTGG / CACSNNNNNRCTGG / CACSNNNNNTCTGG / CACTKYNNNRCTGG / CCAGCNNNNNNGTG / CCAGNNGNNNNGTG / CCAGNNNNNNNGTG / CCAGNNNNNNSGTG / CCAGNRNNKNNGTG / CCAGYNNNNNNGTG","CACNCNNNNNCTGG (+20 variants)"
"CACNNNNNNACTGG",2,"CACNCNNNNNCTGG / CACNNGNNNNCTGG / CACNNGYNNNCTGG / CACNNNANNNCTGG / CACNNNNNNACTGG / CACNNNNNNNCTGG / CACNNNNNNRCTGG / CACNNNNSNNCTGG / CACNNNNYGRCTGG / CACNSGYRNNCTGG / CACSCNNNNNCTGG / CACSNNNNNNCTGG / CACSNNNNNRCTGG / CACSNNNNNTCTGG / CACTKYNNNRCTGG / CCAGCNNNNNNGTG / CCAGNNGNNNNGTG / CCAGNNNNNNNGTG / CCAGNNNNNNSGTG / CCAGNRNNKNNGTG / CCAGYNNNNNNGTG","CACNCNNNNNCTGG (+20 variants)"
